method,analysis_stage,oracle,iterations,initial_state,states_in_support,feasible_support_probability,expected_selected_worst_error,initial_expected_selected_worst_error,expected_nominal_error,probability_best_state,initial_probability_best_state,probability_good_set,probability_pareto_frontier,top_schedule,top_schedule_probability,top_schedule_selected_worst_error,best_schedule,best_selected_worst_error,top3_schedules,predeclared_protocol_name,predeclared_good_rule,predeclared_iteration_rule,predeclared_iteration_cap,initial_good_probability_predeclared,predicted_good_probability_predeclared
grover_uniform_thresholdle0p0832614239111_r2,exploratory_sweep,threshold<=0.0832614239111,2,uniform,12,1.0,0.08331327305712262,0.0874612047385159,0.05882930894689525,0.9886831275720165,0.08333333333333333,0.9886831275720165,0.9907407407407408,111111111110,0.9886831275720165,0.0832614239111052,111111111110,0.0832614239111052,111111111110:0.989; 011111111111:0.001; 101111111111:0.001,,,,,,
grover_uniform_top_1_r2,exploratory_sweep,top_1,2,uniform,12,1.0,0.08331327305712262,0.0874612047385159,0.05882930894689525,0.9886831275720165,0.08333333333333333,0.9886831275720165,0.9907407407407408,111111111110,0.9886831275720165,0.0832614239111052,111111111110,0.0832614239111052,111111111110:0.989; 011111111111:0.001; 101111111111:0.001,,,,,,
grover_warm_thresholdle0p0836849565092_r2,exploratory_sweep,threshold<=0.0836849565092,2,inverse,12,1.0,0.0833854880397595,0.0842841487476258,0.0591159908885959,0.7423423742484173,0.47742489298267526,0.9932674335443776,0.7453005691949538,111111111110,0.7423423742484173,0.0832614239111052,111111111110,0.0832614239111052,111111111110:0.742; 111111011111:0.251; 111111111101:0.002,,,,,,
grover_warm_top_2_r2,exploratory_sweep,top_2,2,inverse,12,1.0,0.0833854880397595,0.0842841487476258,0.0591159908885959,0.7423423742484173,0.47742489298267526,0.9932674335443776,0.7453005691949538,111111111110,0.7423423742484173,0.0832614239111052,111111111110,0.0832614239111052,111111111110:0.742; 111111011111:0.251; 111111111101:0.002,,,,,,
predeclared_protocol_dual_candidate_warm_amplification,predeclared_protocol,top_2,2,inverse,12,1.0,0.0833854880397595,0.0842841487476258,0.0591159908885959,0.7423423742484173,0.47742489298267526,0.9932674335443776,0.7453005691949538,111111111110,0.7423423742484173,0.0832614239111052,111111111110,0.0832614239111052,111111111110:0.742; 111111011111:0.251; 111111111101:0.002,dual_candidate_warm_amplification,top_2_recorded_selected_worst_error_or_all_states_if_M_lt_2,argmax_r_in_0..cap sin^2((2r+1)asin(sqrt(a0))) with smaller-r tie break,12.0,0.6388030841472769,0.9932674335443775
grover_warm_thresholdle0p0832614239111_r11,exploratory_sweep,threshold<=0.0832614239111,11,inverse,12,1.0,0.08339665837781414,0.0842841487476258,0.058925083950024715,0.9309001176178778,0.47742489298267526,0.9309001176178778,0.9518855907548657,111111111110,0.9309001176178778,0.0832614239111052,111111111110,0.0832614239111052,111111111110:0.931; 111111011111:0.021; 111111111101:0.013,,,,,,
grover_warm_top_1_r11,exploratory_sweep,top_1,11,inverse,12,1.0,0.08339665837781414,0.0842841487476258,0.058925083950024715,0.9309001176178778,0.47742489298267526,0.9309001176178778,0.9518855907548657,111111111110,0.9309001176178778,0.0832614239111052,111111111110,0.0832614239111052,111111111110:0.931; 111111011111:0.021; 111111111101:0.013,,,,,,
grover_warm_thresholdle0p0832614239111_r9,exploratory_sweep,threshold<=0.0832614239111,9,inverse,12,1.0,0.08349957054017461,0.0842841487476258,0.05903534890497962,0.8783157544162574,0.47742489298267526,0.8783157544162574,0.9152709760296729,111111111110,0.8783157544162574,0.0832614239111052,111111111110,0.0832614239111052,111111111110:0.878; 111111011111:0.038; 111111111101:0.024,,,,,,
grover_warm_top_1_r9,exploratory_sweep,top_1,9,inverse,12,1.0,0.08349957054017461,0.0842841487476258,0.05903534890497962,0.8783157544162574,0.47742489298267526,0.8783157544162574,0.9152709760296729,111111111110,0.8783157544162574,0.0832614239111052,111111111110,0.0832614239111052,111111111110:0.878; 111111011111:0.038; 111111111101:0.024,,,,,,
grover_uniform_thresholdle0p0836849565092_r5,exploratory_sweep,threshold<=0.0836849565092,5,uniform,12,1.0,0.08350891748216846,0.0874612047385159,0.05944619052108899,0.4962672243955584,0.08333333333333333,0.9925344487911169,0.49776033463733504,111111011111,0.4962672243955584,0.0836849565091918,111111111110,0.0832614239111052,111111011111:0.496; 111111111110:0.496; 011111111111:0.001,,,,,,
grover_uniform_top_2_r5,exploratory_sweep,top_2,5,uniform,12,1.0,0.08350891748216846,0.0874612047385159,0.05944619052108899,0.4962672243955584,0.08333333333333333,0.9925344487911169,0.49776033463733504,111111011111,0.4962672243955584,0.0836849565091918,111111111110,0.0832614239111052,111111011111:0.496; 111111111110:0.496; 011111111111:0.001,,,,,,
grover_warm_thresholdle0p0836849565092_r7,exploratory_sweep,threshold<=0.0836849565092,7,inverse,12,1.0,0.08351929307685835,0.0842841487476258,0.059229149038799396,0.7028977951112482,0.47742489298267526,0.9404898780040778,0.7290457051714744,111111111110,0.7028977951112482,0.0832614239111052,111111111110,0.0832614239111052,111111111110:0.703; 111111011111:0.238; 111111111101:0.017,,,,,,
grover_warm_top_2_r7,exploratory_sweep,top_2,7,inverse,12,1.0,0.08351929307685835,0.0842841487476258,0.059229149038799396,0.7028977951112482,0.47742489298267526,0.9404898780040778,0.7290457051714744,111111111110,0.7028977951112482,0.0832614239111052,111111111110,0.0832614239111052,111111111110:0.703; 111111011111:0.238; 111111111101:0.017,,,,,,
grover_uniform_thresholdle0p0836849565092_r9,exploratory_sweep,threshold<=0.0836849565092,9,uniform,12,1.0,0.08356138026073022,0.0874612047385159,0.059490165339268194,0.49078592764703616,0.08333333333333333,0.9815718552940723,0.4944715565882217,111111011111,0.49078592764703616,0.0836849565091918,111111111110,0.0832614239111052,111111011111:0.491; 111111111110:0.491; 011111111111:0.002,,,,,,
grover_uniform_top_2_r9,exploratory_sweep,top_2,9,uniform,12,1.0,0.08356138026073022,0.0874612047385159,0.059490165339268194,0.49078592764703616,0.08333333333333333,0.9815718552940723,0.4944715565882217,111111011111,0.49078592764703616,0.0836849565091918,111111111110,0.0832614239111052,111111011111:0.491; 111111111110:0.491; 011111111111:0.002,,,,,,
grover_uniform_thresholdle0p0832614239111_r8,exploratory_sweep,threshold<=0.0832614239111,8,uniform,12,1.0,0.0835778803792197,0.0874612047385159,0.059079996471928284,0.9309285156315004,0.08333333333333333,0.9309285156315004,0.9434869673348639,111111111110,0.9309285156315004,0.0832614239111052,111111111110,0.0832614239111052,111111111110:0.931; 011111111111:0.006; 101111111111:0.006,,,,,,
grover_uniform_top_1_r8,exploratory_sweep,top_1,8,uniform,12,1.0,0.0835778803792197,0.0874612047385159,0.059079996471928284,0.9309285156315004,0.08333333333333333,0.9309285156315004,0.9434869673348639,111111111110,0.9309285156315004,0.0832614239111052,111111111110,0.0832614239111052,111111111110:0.931; 011111111111:0.006; 101111111111:0.006,,,,,,
grover_warm_thresholdle0p0846623615242_r3,exploratory_sweep,threshold<=0.0846623615242,3,inverse,12,1.0,0.08357791724738564,0.0842841487476258,0.05925417110287266,0.5910059656777843,0.47742489298267526,0.9948885527538499,0.7175863070585298,111111111110,0.5910059656777843,0.0832614239111052,111111111110,0.0832614239111052,111111111110:0.591; 111111011111:0.200; 111111111101:0.125,,,,,,
grover_warm_thresholdle0p0836849565092_r9,exploratory_sweep,threshold<=0.0836849565092,9,inverse,12,1.0,0.08361351879774255,0.0842841487476258,0.05930883518894761,0.6751208594684713,0.47742489298267526,0.9033238390782224,0.7175990039583079,111111111110,0.6751208594684713,0.0832614239111052,111111111110,0.0832614239111052,111111111110:0.675; 111111011111:0.228; 111111111101:0.027,,,,,,
grover_warm_top_2_r9,exploratory_sweep,top_2,9,inverse,12,1.0,0.08361351879774255,0.0842841487476258,0.05930883518894761,0.6751208594684713,0.47742489298267526,0.9033238390782224,0.7175990039583079,111111111110,0.6751208594684713,0.0832614239111052,111111111110,0.0832614239111052,111111111110:0.675; 111111011111:0.228; 111111111101:0.027,,,,,,
grover_warm_thresholdle0p0832614239111_r7,exploratory_sweep,threshold<=0.0832614239111,7,inverse,12,1.0,0.08362658274957557,0.0842841487476258,0.05917143578943611,0.8134171457679963,0.47742489298267526,0.8134171457679963,0.8700819234828898,111111111110,0.8134171457679963,0.0832614239111052,111111111110,0.0832614239111052,111111111110:0.813; 111111011111:0.058; 111111111101:0.036,,,,,,
grover_warm_top_1_r7,exploratory_sweep,top_1,7,inverse,12,1.0,0.08362658274957557,0.0842841487476258,0.05917143578943611,0.8134171457679963,0.47742489298267526,0.8134171457679963,0.8700819234828898,111111111110,0.8134171457679963,0.0832614239111052,111111111110,0.0832614239111052,111111111110:0.813; 111111011111:0.058; 111111111101:0.036,,,,,,
grover_warm_top_3_r11,exploratory_sweep,top_3,11,inverse,12,1.0,0.08366546333444097,0.0842841487476258,0.059339799501753276,0.6040396218630577,0.47742489298267526,0.9360531972552216,0.7460508449953795,111111111110,0.6040396218630577,0.0832614239111052,111111111110,0.0832614239111052,111111111110:0.604; 111111011111:0.204; 111111111101:0.128,,,,,,
grover_uniform_top_3_r1,exploratory_sweep,top_3,1,uniform,12,1.0,0.08367113153131447,0.0874612047385159,0.05946632322871882,0.3333333333333333,0.08333333333333333,1.0,0.6666666666666666,111111011111,0.3333333333333333,0.0836849565091918,111111111110,0.0832614239111052,111111011111:0.333; 111111111101:0.333; 111111111110:0.333,,,,,,
grover_uniform_top_3_r10,exploratory_sweep,top_3,10,uniform,12,1.0,0.08367113153131447,0.0874612047385159,0.05946632322871882,0.3333333333333333,0.08333333333333333,1.0,0.6666666666666666,111111011111,0.3333333333333333,0.0836849565091918,111111111110,0.0832614239111052,111111011111:0.333; 111111111101:0.333; 111111111110:0.333,,,,,,
grover_uniform_top_3_r4,exploratory_sweep,top_3,4,uniform,12,1.0,0.08367113153131447,0.0874612047385159,0.05946632322871882,0.3333333333333333,0.08333333333333333,1.0,0.6666666666666666,111111011111,0.3333333333333333,0.0836849565091918,111111111110,0.0832614239111052,111111011111:0.333; 111111111101:0.333; 111111111110:0.333,,,,,,
grover_uniform_top_3_r7,exploratory_sweep,top_3,7,uniform,12,1.0,0.08367113153131447,0.0874612047385159,0.05946632322871882,0.3333333333333333,0.08333333333333333,1.0,0.6666666666666666,111111011111,0.3333333333333333,0.0836849565091918,111111111110,0.0832614239111052,111111011111:0.333; 111111111101:0.333; 111111111110:0.333,,,,,,
grover_warm_top_5_r12,exploratory_sweep,top_5,12,inverse,12,1.0,0.08370403072505786,0.0842841487476258,0.059361491599326084,0.547121999573991,0.47742489298267526,0.9870971004056825,0.728995444831413,111111111110,0.547121999573991,0.0832614239111052,111111111110,0.0832614239111052,111111111110:0.547; 111111011111:0.185; 111111111101:0.116,,,,,,
grover_uniform_thresholdle0p0832614239111_r7,exploratory_sweep,threshold<=0.0832614239111,7,uniform,12,1.0,0.08371408998760917,0.0874612047385159,0.059209040707523336,0.9011986766657558,0.08333333333333333,0.9011986766657558,0.9191625536356184,111111111110,0.9011986766657558,0.0832614239111052,111111111110,0.0832614239111052,111111111110:0.901; 011111111111:0.009; 101111111111:0.009,,,,,,
grover_uniform_top_1_r7,exploratory_sweep,top_1,7,uniform,12,1.0,0.08371408998760917,0.0874612047385159,0.059209040707523336,0.9011986766657558,0.08333333333333333,0.9011986766657558,0.9191625536356184,111111111110,0.9011986766657558,0.0832614239111052,111111111110,0.0832614239111052,111111111110:0.901; 011111111111:0.009; 101111111111:0.009,,,,,,
grover_warm_thresholdle0p0846623615242_r10,exploratory_sweep,threshold<=0.0846623615242,10,inverse,12,1.0,0.08372664919234149,0.0842841487476258,0.059385124345145576,0.5670858575455796,0.47742489298267526,0.9546218834756938,0.7004316000146391,111111111110,0.5670858575455796,0.0832614239111052,111111111110,0.0832614239111052,111111111110:0.567; 111111011111:0.192; 111111111101:0.120,,,,,,
grover_warm_thresholdle0p0836849565092_r12,exploratory_sweep,threshold<=0.0836849565092,12,inverse,12,1.0,0.08377258657084657,0.0842841487476258,0.05944335788967482,0.6282290420868919,0.47742489298267526,0.840581744971054,0.6982751796958975,111111111110,0.6282290420868919,0.0832614239111052,111111111110,0.0832614239111052,111111111110:0.628; 111111011111:0.212; 111111111101:0.045,,,,,,
grover_warm_top_2_r12,exploratory_sweep,top_2,12,inverse,12,1.0,0.08377258657084657,0.0842841487476258,0.05944335788967482,0.6282290420868919,0.47742489298267526,0.840581744971054,0.6982751796958975,111111111110,0.6282290420868919,0.0832614239111052,111111111110,0.0832614239111052,111111111110:0.628; 111111011111:0.212; 111111111101:0.045,,,,,,
grover_warm_thresholdle0p0832614239111_r5,exploratory_sweep,threshold<=0.0832614239111,5,inverse,12,1.0,0.08377356073589202,0.0842841487476258,0.05932891495097366,0.7383167529880439,0.47742489298267526,0.7383167529880439,0.8177893448544227,111111111110,0.7383167529880439,0.0832614239111052,111111111110,0.0832614239111052,111111111110:0.738; 111111011111:0.081; 111111111101:0.051,,,,,,
grover_warm_top_1_r5,exploratory_sweep,top_1,5,inverse,12,1.0,0.08377356073589202,0.0842841487476258,0.05932891495097366,0.7383167529880439,0.47742489298267526,0.7383167529880439,0.8177893448544227,111111111110,0.7383167529880439,0.0832614239111052,111111111110,0.0832614239111052,111111111110:0.738; 111111011111:0.081; 111111111101:0.051,,,,,,
grover_warm_top_3_r8,exploratory_sweep,top_3,8,inverse,12,1.0,0.08378637394983557,0.0842841487476258,0.05944458666017989,0.5792951160759545,0.47742489298267526,0.8977077428873799,0.7245687979767694,111111111110,0.5792951160759545,0.0832614239111052,111111111110,0.0832614239111052,111111111110:0.579; 111111011111:0.196; 111111111101:0.123,,,,,,
grover_warm_top_5_r8,exploratory_sweep,top_5,8,inverse,12,1.0,0.083832154680826,0.0842841487476258,0.05947512138007025,0.5317288060259857,0.47742489298267526,0.9593252748730765,0.7084852697943249,111111111110,0.5317288060259857,0.0832614239111052,111111111110,0.0832614239111052,111111111110:0.532; 111111011111:0.180; 111111111101:0.113,,,,,,
grover_warm_thresholdle0p0836849565092_r4,exploratory_sweep,threshold<=0.0836849565092,4,inverse,12,1.0,0.08390999107117206,0.0842841487476258,0.05955956008522431,0.5877233720134439,0.47742489298267526,0.7863844306946293,0.6815830467431239,111111111110,0.5877233720134439,0.0832614239111052,111111111110,0.0832614239111052,111111111110:0.588; 111111011111:0.199; 111111111101:0.060,,,,,,
grover_warm_top_2_r4,exploratory_sweep,top_2,4,inverse,12,1.0,0.08390999107117206,0.0842841487476258,0.05955956008522431,0.5877233720134439,0.47742489298267526,0.7863844306946293,0.6815830467431239,111111111110,0.5877233720134439,0.0832614239111052,111111111110,0.0832614239111052,111111111110:0.588; 111111011111:0.199; 111111111101:0.060,,,,,,
grover_warm_thresholdle0p0846623615242_r6,exploratory_sweep,threshold<=0.0846623615242,6,inverse,12,1.0,0.08391556247738859,0.0842841487476258,0.05955145584301371,0.5367035062135994,0.47742489298267526,0.9034767930682432,0.678642386791854,111111111110,0.5367035062135994,0.0832614239111052,111111111110,0.0832614239111052,111111111110:0.537; 111111011111:0.181; 111111111101:0.114,,,,,,
grover_uniform_thresholdle0p0836849565092_r1,exploratory_sweep,threshold<=0.0836849565092,1,uniform,12,1.0,0.08391630293552266,0.0874612047385159,0.05978766502417914,0.4537037037037036,0.08333333333333333,0.9074074074074072,0.47222222222222215,111111011111,0.4537037037037036,0.0836849565091918,111111111110,0.0832614239111052,111111011111:0.454; 111111111110:0.454; 011111111111:0.009,,,,,,
grover_uniform_top_2_r1,exploratory_sweep,top_2,1,uniform,12,1.0,0.08391630293552266,0.0874612047385159,0.05978766502417914,0.4537037037037036,0.08333333333333333,0.9074074074074072,0.47222222222222215,111111011111,0.4537037037037036,0.0836849565091918,111111111110,0.0832614239111052,111111011111:0.454; 111111111110:0.454; 011111111111:0.009,,,,,,
grover_uniform_thresholdle0p0846623615242_r11,exploratory_sweep,threshold<=0.0846623615242,11,uniform,12,1.0,0.08392083005343652,0.0874612047385159,0.05962083339942607,0.24991102568869705,0.08333333333333333,0.9996441027547882,0.4998665385330455,111111011111,0.24991102568869705,0.0836849565091918,111111111110,0.0832614239111052,111111011111:0.250; 111111110111:0.250; 111111111101:0.250,,,,,,
grover_warm_top_3_r5,exploratory_sweep,top_3,5,inverse,12,1.0,0.08393175312757276,0.0842841487476258,0.05957057949281711,0.549543088984686,0.47742489298267526,0.851602356625285,0.6987394502269062,111111111110,0.549543088984686,0.0832614239111052,111111111110,0.0832614239111052,111111111110:0.550; 111111011111:0.186; 111111111101:0.116,,,,,,
grover_warm_thresholdle0p0832614239111_r3,exploratory_sweep,threshold<=0.0832614239111,3,inverse,12,1.0,0.08393572033939067,0.0842841487476258,0.05950266041472799,0.655459107288848,0.47742489298267526,0.655459107288848,0.7600953729281998,111111111110,0.655459107288848,0.0832614239111052,111111111110,0.0832614239111052,111111111110:0.655; 111111011111:0.106; 111111111101:0.067,,,,,,
grover_warm_top_1_r3,exploratory_sweep,top_1,3,inverse,12,1.0,0.08393572033939067,0.0842841487476258,0.05950266041472799,0.655459107288848,0.47742489298267526,0.655459107288848,0.7600953729281998,111111111110,0.655459107288848,0.0832614239111052,111111111110,0.0832614239111052,111111111110:0.655; 111111011111:0.106; 111111111101:0.067,,,,,,
grover_warm_top_5_r4,exploratory_sweep,top_5,4,inverse,12,1.0,0.08402759694428759,0.0842841487476258,0.05964845400480961,0.5082477905446348,0.47742489298267526,0.9169617027369352,0.6771987316195685,111111111110,0.5082477905446348,0.0832614239111052,111111111110,0.0832614239111052,111111111110:0.508; 111111011111:0.172; 111111111101:0.108,,,,,,
grover_uniform_thresholdle0p0846623615242_r6,exploratory_sweep,threshold<=0.0846623615242,6,uniform,12,1.0,0.08403332392235793,0.0874612047385159,0.05972054844595357,0.24461809181702826,0.08333333333333333,0.978472367268113,0.49192713772554236,111111011111,0.24461809181702826,0.0836849565091918,111111111110,0.0832614239111052,111111011111:0.245; 111111110111:0.245; 111111111101:0.245,,,,,,
grover_warm_thresholdle0p0876302659683_r11,exploratory_sweep,threshold<=0.0876302659683,11,inverse,12,1.0,0.08406505608754439,0.0842841487476258,0.05967766306444941,0.49404378540778854,0.47742489298267526,0.9638932719575697,0.6582730531581187,111111111110,0.49404378540778854,0.0832614239111052,111111111110,0.0832614239111052,111111111110:0.494; 111111011111:0.167; 111111111101:0.105,,,,,,
grover_warm_top_3_r2,exploratory_sweep,top_3,2,inverse,12,1.0,0.08409876428089191,0.0842841487476258,0.05971531967236833,0.5153640515500594,0.47742489298267526,0.7986366303520482,0.6690667747837715,111111111110,0.5153640515500594,0.0832614239111052,111111111110,0.0832614239111052,111111111110:0.515; 111111011111:0.174; 111111111101:0.109,,,,,,
grover_warm_thresholdle0p0832614239111_r1,exploratory_sweep,threshold<=0.0832614239111,1,inverse,12,1.0,0.08410778323598456,0.0842841487476258,0.05968701673478934,0.5675412398523251,0.47742489298267526,0.5675412398523251,0.6988779568057266,111111111110,0.5675412398523251,0.0832614239111052,111111111110,0.0832614239111052,111111111110:0.568; 111111011111:0.134; 111111111101:0.084,,,,,,
grover_warm_top_1_r1,exploratory_sweep,top_1,1,inverse,12,1.0,0.08410778323598456,0.0842841487476258,0.05968701673478934,0.5675412398523251,0.47742489298267526,0.5675412398523251,0.6988779568057266,111111111110,0.5675412398523251,0.0832614239111052,111111111110,0.0832614239111052,111111111110:0.568; 111111011111:0.134; 111111111101:0.084,,,,,,
grover_warm_top_8_r7,exploratory_sweep,top_8,7,inverse,12,1.0,0.08416437816660058,0.0842841487476258,0.059766851207520705,0.4852439676274487,0.47742489298267526,0.9672947406807553,0.6465480136199366,111111111110,0.4852439676274487,0.0832614239111052,111111111110,0.0832614239111052,111111111110:0.485; 111111011111:0.164; 111111111101:0.103,,,,,,
grover_warm_thresholdle0p0876302659683_r5,exploratory_sweep,threshold<=0.0876302659683,5,inverse,12,1.0,0.08416637056869196,0.0842841487476258,0.05976937170255252,0.4863587517664441,0.47742489298267526,0.9488995559339073,0.64803337257083,111111111110,0.4863587517664441,0.0832614239111052,111111111110,0.0832614239111052,111111111110:0.486; 111111011111:0.164; 111111111101:0.103,,,,,,
grover_uniform_top_5_r5,exploratory_sweep,top_5,5,uniform,12,1.0,0.08420746703609726,0.0874612047385159,0.059849450733251396,0.19634681930825812,0.08333333333333333,0.9817340965412906,0.5890404579247743,111111011111,0.19634681930825812,0.0836849565091918,111111111110,0.0832614239111052,111111011111:0.196; 111111110111:0.196; 111111111011:0.196,,,,,,
grover_uniform_thresholdle0p0832614239111_r3,exploratory_sweep,threshold<=0.0832614239111,3,uniform,12,1.0,0.08423503565298779,0.0874612047385159,0.05970258177243211,0.7874942844078646,0.08333333333333333,0.7874942844078646,0.8261316872427983,111111111110,0.7874942844078646,0.0832614239111052,111111111110,0.0832614239111052,111111111110:0.787; 011111111111:0.019; 101111111111:0.019,,,,,,
grover_uniform_top_1_r3,exploratory_sweep,top_1,3,uniform,12,1.0,0.08423503565298779,0.0874612047385159,0.05970258177243211,0.7874942844078646,0.08333333333333333,0.7874942844078646,0.8261316872427983,111111111110,0.7874942844078646,0.0832614239111052,111111111110,0.0832614239111052,111111111110:0.787; 011111111111:0.019; 101111111111:0.019,,,,,,
grover_warm_thresholdle0p0832614239111_r0,exploratory_sweep,threshold<=0.0832614239111,0,inverse,12,1.0,0.0842841487476258,0.0842841487476258,0.059875983079977976,0.47742489298267526,0.47742489298267526,0.47742489298267526,0.6361297343270642,111111111110,0.47742489298267526,0.0832614239111052,111111111110,0.0832614239111052,111111111110:0.477; 111111011111:0.161; 111111111101:0.101,,,,,,
grover_warm_thresholdle0p0836849565092_r0,exploratory_sweep,threshold<=0.0836849565092,0,inverse,12,1.0,0.0842841487476258,0.0842841487476258,0.059875983079977976,0.47742489298267526,0.47742489298267526,0.6388030841472769,0.6361297343270642,111111111110,0.47742489298267526,0.0832614239111052,111111111110,0.0832614239111052,111111111110:0.477; 111111011111:0.161; 111111111101:0.101,,,,,,
grover_warm_thresholdle0p0846623615242_r0,exploratory_sweep,threshold<=0.0846623615242,0,inverse,12,1.0,0.0842841487476258,0.0842841487476258,0.059875983079977976,0.47742489298267526,0.47742489298267526,0.8036882678222514,0.6361297343270642,111111111110,0.47742489298267526,0.0832614239111052,111111111110,0.0832614239111052,111111111110:0.477; 111111011111:0.161; 111111111101:0.101,,,,,,
grover_warm_thresholdle0p0876302659683_r0,exploratory_sweep,threshold<=0.0876302659683,0,inverse,12,1.0,0.0842841487476258,0.0842841487476258,0.059875983079977976,0.47742489298267526,0.47742489298267526,0.9314693470563966,0.6361297343270642,111111111110,0.47742489298267526,0.0832614239111052,111111111110,0.0832614239111052,111111111110:0.477; 111111011111:0.161; 111111111101:0.101,,,,,,
grover_warm_top_1_r0,exploratory_sweep,top_1,0,inverse,12,1.0,0.0842841487476258,0.0842841487476258,0.059875983079977976,0.47742489298267526,0.47742489298267526,0.47742489298267526,0.6361297343270642,111111111110,0.47742489298267526,0.0832614239111052,111111111110,0.0832614239111052,111111111110:0.477; 111111011111:0.161; 111111111101:0.101,,,,,,
grover_warm_top_2_r0,exploratory_sweep,top_2,0,inverse,12,1.0,0.0842841487476258,0.0842841487476258,0.059875983079977976,0.47742489298267526,0.47742489298267526,0.6388030841472769,0.6361297343270642,111111111110,0.47742489298267526,0.0832614239111052,111111111110,0.0832614239111052,111111111110:0.477; 111111011111:0.161; 111111111101:0.101,,,,,,
grover_warm_top_3_r0,exploratory_sweep,top_3,0,inverse,12,1.0,0.0842841487476258,0.0842841487476258,0.059875983079977976,0.47742489298267526,0.47742489298267526,0.7398440124627803,0.6361297343270642,111111111110,0.47742489298267526,0.0832614239111052,111111111110,0.0832614239111052,111111111110:0.477; 111111011111:0.161; 111111111101:0.101,,,,,,
grover_warm_top_5_r0,exploratory_sweep,top_5,0,inverse,12,1.0,0.0842841487476258,0.0842841487476258,0.059875983079977976,0.47742489298267526,0.47742489298267526,0.8613521808511371,0.6361297343270642,111111111110,0.47742489298267526,0.0832614239111052,111111111110,0.0832614239111052,111111111110:0.477; 111111011111:0.161; 111111111101:0.101,,,,,,
grover_warm_top_8_r0,exploratory_sweep,top_8,0,inverse,12,1.0,0.0842841487476258,0.0842841487476258,0.059875983079977976,0.47742489298267526,0.47742489298267526,0.9517080455635345,0.6361297343270642,111111111110,0.47742489298267526,0.0832614239111052,111111111110,0.0832614239111052,111111111110:0.477; 111111011111:0.161; 111111111101:0.101,,,,,,
warm_start_only,exploratory_sweep,none,0,inverse,12,1.0,0.0842841487476258,0.0842841487476258,0.059875983079977976,0.47742489298267526,0.47742489298267526,,0.6361297343270642,111111111110,0.47742489298267526,0.0832614239111052,111111111110,0.0832614239111052,111111111110:0.477; 111111011111:0.161; 111111111101:0.101,,,,,,
grover_uniform_thresholdle0p0846623615242_r1,exploratory_sweep,threshold<=0.0846623615242,1,uniform,12,1.0,0.08431252410830184,0.0874612047385159,0.05996803268486204,0.23148148148148148,0.08333333333333333,0.9259259259259259,0.4722222222222222,111111011111,0.23148148148148148,0.0836849565091918,111111111110,0.0832614239111052,111111011111:0.231; 111111110111:0.231; 111111111101:0.231,,,,,,
grover_uniform_top_5_r3,exploratory_sweep,top_5,3,uniform,12,1.0,0.0843280601117813,0.0874612047385159,0.05995728853340081,0.19215820759030638,0.08333333333333333,0.9607910379515319,0.5764746227709192,111111011111,0.19215820759030638,0.0836849565091918,111111111110,0.0832614239111052,111111011111:0.192; 111111110111:0.192; 111111111011:0.192,,,,,,
grover_warm_thresholdle0p0876302659683_r6,exploratory_sweep,threshold<=0.0876302659683,6,inverse,12,1.0,0.08441775135953158,0.0842841487476258,0.05999691854197824,0.467290699376413,0.47742489298267526,0.9116972512982672,0.6226267478235838,111111111110,0.467290699376413,0.0832614239111052,111111111110,0.0832614239111052,111111111110:0.467; 111111011111:0.158; 111111111101:0.099,,,,,,
grover_warm_top_8_r6,exploratory_sweep,top_8,6,inverse,12,1.0,0.08442580795822546,0.0842841487476258,0.06000505930864136,0.4681768461558422,0.47742489298267526,0.9332728095710017,0.623807466138985,111111111110,0.4681768461558422,0.0832614239111052,111111111110,0.0832614239111052,111111111110:0.468; 111111011111:0.158; 111111111101:0.099,,,,,,
grover_uniform_thresholdle0p0832614239111_r12,exploratory_sweep,threshold<=0.0832614239111,12,uniform,12,1.0,0.08444396927573304,0.0874612047385159,0.0599005243401853,0.7418913123988334,0.08333333333333333,0.7418913123988334,0.7888201646899546,111111111110,0.7418913123988334,0.0832614239111052,111111111110,0.0832614239111052,111111111110:0.742; 011111111111:0.023; 101111111111:0.023,,,,,,
grover_uniform_top_1_r12,exploratory_sweep,top_1,12,uniform,12,1.0,0.08444396927573304,0.0874612047385159,0.0599005243401853,0.7418913123988334,0.08333333333333333,0.7418913123988334,0.7888201646899546,111111111110,0.7418913123988334,0.0832614239111052,111111111110,0.0832614239111052,111111111110:0.742; 011111111111:0.023; 101111111111:0.023,,,,,,
grover_warm_thresholdle0p0832614239111_r2,exploratory_sweep,threshold<=0.0832614239111,2,inverse,12,1.0,0.08445907614537751,0.0842841487476258,0.06006340856197209,0.3880433698827216,0.47742489298267526,0.3880433698827216,0.5738931713528667,111111111110,0.3880433698827216,0.0832614239111052,111111111110,0.0832614239111052,111111111110:0.388; 111111011111:0.189; 111111111101:0.118,,,,,,
grover_warm_top_1_r2,exploratory_sweep,top_1,2,inverse,12,1.0,0.08445907614537751,0.0842841487476258,0.06006340856197209,0.3880433698827216,0.47742489298267526,0.3880433698827216,0.5738931713528667,111111111110,0.3880433698827216,0.0832614239111052,111111111110,0.0832614239111052,111111111110:0.388; 111111011111:0.189; 111111111101:0.118,,,,,,
grover_warm_top_3_r3,exploratory_sweep,top_3,3,inverse,12,1.0,0.0844842893720569,0.0842841487476258,0.06004943490843338,0.43646586863806397,0.47742489298267526,0.6763716435874154,0.6005709846645058,111111111110,0.43646586863806397,0.0832614239111052,111111111110,0.0832614239111052,111111111110:0.436; 111111011111:0.148; 111111111101:0.092,,,,,,
grover_uniform_top_5_r12,exploratory_sweep,top_5,12,uniform,12,1.0,0.0844917458631124,0.0874612047385159,0.06010366104475127,0.18647283923728825,0.08333333333333333,0.9323641961864413,0.5594185177118647,111111011111,0.18647283923728825,0.0836849565091918,111111111110,0.0832614239111052,111111011111:0.186; 111111110111:0.186; 111111111011:0.186,,,,,,
grover_uniform_thresholdle0p0836849565092_r12,exploratory_sweep,threshold<=0.0836849565092,12,uniform,12,1.0,0.08450237585070178,0.0874612047385159,0.0602789171193083,0.39247096589538255,0.08333333333333333,0.7849419317907651,0.4354825795372295,111111011111,0.39247096589538255,0.0836849565091918,111111111110,0.0832614239111052,111111011111:0.392; 111111111110:0.392; 011111111111:0.022,,,,,,
grover_uniform_top_2_r12,exploratory_sweep,top_2,12,uniform,12,1.0,0.08450237585070178,0.0874612047385159,0.0602789171193083,0.39247096589538255,0.08333333333333333,0.7849419317907651,0.4354825795372295,111111011111,0.39247096589538255,0.0836849565091918,111111111110,0.0832614239111052,111111011111:0.392; 111111111110:0.392; 011111111111:0.022,,,,,,
grover_warm_thresholdle0p0876302659683_r12,exploratory_sweep,threshold<=0.0876302659683,12,inverse,12,1.0,0.08456645324929407,0.0842841487476258,0.060131521686948367,0.4560111763268671,0.47742489298267526,0.8896905856959993,0.6075977032423159,111111111110,0.4560111763268671,0.0832614239111052,111111111110,0.0832614239111052,111111111110:0.456; 111111011111:0.154; 111111111101:0.097,,,,,,
grover_warm_top_5_r3,exploratory_sweep,top_5,3,inverse,12,1.0,0.08459366000829618,0.0842841487476258,0.06015048051082117,0.44023928852469807,0.47742489298267526,0.7942633005540874,0.5865829489953184,111111111110,0.44023928852469807,0.0832614239111052,111111111110,0.0832614239111052,111111111110:0.440; 111111011111:0.149; 111111111101:0.093,,,,,,
grover_warm_thresholdle0p0832614239111_r4,exploratory_sweep,threshold<=0.0832614239111,4,inverse,12,1.0,0.08462687151116698,0.0842841487476258,0.060243192447822315,0.3023060551102009,0.47742489298267526,0.3023060551102009,0.5141940791354355,111111111110,0.3023060551102009,0.0832614239111052,111111111110,0.0832614239111052,111111111110:0.302; 111111011111:0.215; 111111111101:0.135,,,,,,
grover_warm_top_1_r4,exploratory_sweep,top_1,4,inverse,12,1.0,0.08462687151116698,0.0842841487476258,0.060243192447822315,0.3023060551102009,0.47742489298267526,0.3023060551102009,0.5141940791354355,111111111110,0.3023060551102009,0.0832614239111052,111111111110,0.0832614239111052,111111111110:0.302; 111111011111:0.215; 111111111101:0.135,,,,,,
grover_warm_top_3_r6,exploratory_sweep,top_3,6,inverse,12,1.0,0.08469528108157187,0.0842841487476258,0.06023229082740699,0.3932861564177205,0.47742489298267526,0.6094579739911251,0.5630843354605064,111111111110,0.3932861564177205,0.0832614239111052,111111111110,0.0832614239111052,111111111110:0.393; 111111011111:0.133; 111111110111:0.096,,,,,,
grover_warm_thresholdle0p0836849565092_r5,exploratory_sweep,threshold<=0.0836849565092,5,inverse,12,1.0,0.0846959585181785,0.0842841487476258,0.06022424823412942,0.3560268990340262,0.47742489298267526,0.4763703872277561,0.5861023813289182,111111111110,0.3560268990340262,0.0832614239111052,111111111110,0.0832614239111052,111111111110:0.356; 111111111101:0.146; 111111011111:0.120,,,,,,
grover_warm_top_2_r5,exploratory_sweep,top_2,5,inverse,12,1.0,0.0846959585181785,0.0842841487476258,0.06022424823412942,0.3560268990340262,0.47742489298267526,0.4763703872277561,0.5861023813289182,111111111110,0.3560268990340262,0.0832614239111052,111111111110,0.0832614239111052,111111111110:0.356; 111111111101:0.146; 111111011111:0.120,,,,,,
grover_uniform_thresholdle0p0836849565092_r2,exploratory_sweep,threshold<=0.0836849565092,2,uniform,12,1.0,0.0847040588917434,0.0874612047385159,0.06044796983254182,0.3713991769547326,0.08333333333333333,0.7427983539094652,0.4228395061728396,111111011111,0.3713991769547326,0.0836849565091918,111111111110,0.0832614239111052,111111011111:0.371; 111111111110:0.371; 011111111111:0.026,,,,,,
grover_uniform_top_2_r2,exploratory_sweep,top_2,2,uniform,12,1.0,0.0847040588917434,0.0874612047385159,0.06044796983254182,0.3713991769547326,0.08333333333333333,0.7427983539094652,0.4228395061728396,111111011111,0.3713991769547326,0.0836849565091918,111111111110,0.0832614239111052,111111011111:0.371; 111111111110:0.371; 011111111111:0.026,,,,,,
grover_uniform_thresholdle0p0846623615242_r3,exploratory_sweep,threshold<=0.0846623615242,3,uniform,12,1.0,0.08474012271240498,0.0874612047385159,0.060347057916299573,0.21136259716506628,0.08333333333333333,0.8454503886602651,0.4420438957475994,111111011111,0.21136259716506628,0.0836849565091918,111111111110,0.0832614239111052,111111011111:0.211; 111111110111:0.211; 111111111101:0.211,,,,,,
grover_warm_thresholdle0p0846623615242_r7,exploratory_sweep,threshold<=0.0846623615242,7,inverse,12,1.0,0.08474400434806298,0.0842841487476258,0.06028086974956657,0.40346770987098185,0.47742489298267526,0.6791901085061078,0.5830900990937955,111111111110,0.40346770987098185,0.0832614239111052,111111111110,0.0832614239111052,111111111110:0.403; 111111011111:0.136; 111111111011:0.094,,,,,,
grover_uniform_thresholdle0p0876302659683_r4,exploratory_sweep,threshold<=0.0876302659683,4,uniform,12,1.0,0.08477172086523835,0.0874612047385159,0.060307223649597154,0.14271198496164203,0.08333333333333333,0.9989838947314943,0.42813595488492606,111110111111,0.14271198496164203,0.0876302659683052,111111111110,0.0832614239111052,111110111111:0.143; 111111011111:0.143; 111111101111:0.143,,,,,,
grover_warm_thresholdle0p0832614239111_r6,exploratory_sweep,threshold<=0.0832614239111,6,inverse,12,1.0,0.08478207307583704,0.0842841487476258,0.06040948273990005,0.22300371359023233,0.47742489298267526,0.22300371359023233,0.45897567380025717,111111011111,0.23994685846806718,0.0836849565091918,111111111110,0.0832614239111052,111111011111:0.240; 111111111110:0.223; 111111111101:0.150,,,,,,
grover_warm_top_1_r6,exploratory_sweep,top_1,6,inverse,12,1.0,0.08478207307583704,0.0842841487476258,0.06040948273990005,0.22300371359023233,0.47742489298267526,0.22300371359023233,0.45897567380025717,111111011111,0.23994685846806718,0.0836849565091918,111111111110,0.0832614239111052,111111011111:0.240; 111111111110:0.223; 111111111101:0.150,,,,,,
grover_warm_thresholdle0p0836849565092_r11,exploratory_sweep,threshold<=0.0836849565092,11,inverse,12,1.0,0.0848714050887934,0.0842841487476258,0.06037262238969773,0.3043067524011944,0.47742489298267526,0.4071679018374496,0.5647888328215926,111111111110,0.3043067524011944,0.0832614239111052,111111111110,0.0832614239111052,111111111110:0.304; 111111111101:0.166; 111111110111:0.105,,,,,,
grover_warm_top_2_r11,exploratory_sweep,top_2,11,inverse,12,1.0,0.0848714050887934,0.0842841487476258,0.06037262238969773,0.3043067524011944,0.47742489298267526,0.4071679018374496,0.5647888328215926,111111111110,0.3043067524011944,0.0832614239111052,111111111110,0.0832614239111052,111111111110:0.304; 111111111101:0.166; 111111110111:0.105,,,,,,
grover_warm_top_3_r9,exploratory_sweep,top_3,9,inverse,12,1.0,0.08491300708104822,0.0842841487476258,0.060420983017304974,0.34872826349440184,0.47742489298267526,0.5404085993736367,0.5244012128689932,111111111110,0.34872826349440184,0.0832614239111052,111111111110,0.0832614239111052,111111111110:0.349; 111111011111:0.118; 111111110111:0.113,,,,,,
grover_warm_thresholdle0p0832614239111_r8,exploratory_sweep,threshold<=0.0832614239111,8,inverse,12,1.0,0.08491962900070865,0.0842841487476258,0.06055686665946649,0.15271765071803262,0.47742489298267526,0.15271765071803262,0.41003532431368256,111111011111,0.26165213592595615,0.0836849565091918,111111111110,0.0832614239111052,111111011111:0.262; 111111111101:0.164; 111111111110:0.153,,,,,,
grover_warm_top_1_r8,exploratory_sweep,top_1,8,inverse,12,1.0,0.08491962900070865,0.0842841487476258,0.06055686665946649,0.15271765071803262,0.47742489298267526,0.15271765071803262,0.41003532431368256,111111011111,0.26165213592595615,0.0836849565091918,111111111110,0.0832614239111052,111111011111:0.262; 111111111101:0.164; 111111111110:0.153,,,,,,
grover_warm_top_5_r7,exploratory_sweep,top_5,7,inverse,12,1.0,0.08494629823909691,0.0842841487476258,0.060463226121957384,0.3978722814603483,0.47742489298267526,0.7178263269747951,0.530132367251028,111111111110,0.3978722814603483,0.0832614239111052,111111111110,0.0832614239111052,111111111110:0.398; 111111011111:0.134; 111111101111:0.097,,,,,,
grover_warm_thresholdle0p0832614239111_r10,exploratory_sweep,threshold<=0.0832614239111,10,inverse,12,1.0,0.08503506181583313,0.0842841487476258,0.06068054683358852,0.09373569040678181,0.47742489298267526,0.09373569040678181,0.3689660478017153,111111011111,0.2798665551329858,0.0836849565091918,111111111110,0.0832614239111052,111111011111:0.280; 111111111101:0.175; 111111110111:0.111,,,,,,
grover_warm_top_1_r10,exploratory_sweep,top_1,10,inverse,12,1.0,0.08503506181583313,0.0842841487476258,0.06068054683358852,0.09373569040678181,0.47742489298267526,0.09373569040678181,0.3689660478017153,111111011111,0.2798665551329858,0.0836849565091918,111111111110,0.0832614239111052,111111011111:0.280; 111111111101:0.175; 111111110111:0.111,,,,,,
grover_warm_thresholdle0p0836849565092_r10,exploratory_sweep,threshold<=0.0836849565092,10,inverse,12,1.0,0.08510135845706869,0.0842841487476258,0.060567092630514394,0.23651846857080325,0.47742489298267526,0.31646596019932005,0.5368537056088976,111111111110,0.23651846857080325,0.0832614239111052,111111111110,0.0832614239111052,111111111110:0.237; 111111111101:0.191; 111111110111:0.121,,,,,,
grover_warm_top_2_r10,exploratory_sweep,top_2,10,inverse,12,1.0,0.08510135845706869,0.0842841487476258,0.060567092630514394,0.23651846857080325,0.47742489298267526,0.31646596019932005,0.5368537056088976,111111111110,0.23651846857080325,0.0832614239111052,111111111110,0.0832614239111052,111111111110:0.237; 111111111101:0.191; 111111110111:0.121,,,,,,
grover_warm_thresholdle0p0846623615242_r9,exploratory_sweep,threshold<=0.0846623615242,9,inverse,12,1.0,0.08510426807872842,0.0842841487476258,0.06059806928338548,0.34552758546672324,0.47742489298267526,0.5816547706879474,0.5415373663574644,111111111110,0.34552758546672324,0.0832614239111052,111111111110,0.0832614239111052,111111111110:0.346; 111111111011:0.123; 111111011111:0.117,,,,,,
grover_warm_thresholdle0p0832614239111_r12,exploratory_sweep,threshold<=0.0832614239111,12,inverse,12,1.0,0.08512461416243954,0.0842841487476258,0.06077649745048522,0.04797770601020123,0.47742489298267526,0.04797770601020123,0.3371046565577389,111111011111,0.29399723348734813,0.0836849565091918,111111111110,0.0832614239111052,111111011111:0.294; 111111111101:0.184; 111111110111:0.116,,,,,,
grover_warm_top_1_r12,exploratory_sweep,top_1,12,inverse,12,1.0,0.08512461416243954,0.0842841487476258,0.06077649745048522,0.04797770601020123,0.47742489298267526,0.04797770601020123,0.3371046565577389,111111011111,0.29399723348734813,0.0836849565091918,111111111110,0.0832614239111052,111111011111:0.294; 111111111101:0.184; 111111110111:0.116,,,,,,
grover_uniform_thresholdle0p0832614239111_r1,exploratory_sweep,threshold<=0.0832614239111,1,uniform,12,1.0,0.08512799316773219,0.0874612047385159,0.06054856482217097,0.5925925925925927,0.08333333333333333,0.5925925925925927,0.6666666666666667,111111111110,0.5925925925925927,0.0832614239111052,111111111110,0.0832614239111052,111111111110:0.593; 011111111111:0.037; 101111111111:0.037,,,,,,
grover_uniform_top_1_r1,exploratory_sweep,top_1,1,uniform,12,1.0,0.08512799316773219,0.0874612047385159,0.06054856482217097,0.5925925925925927,0.08333333333333333,0.5925925925925927,0.6666666666666667,111111111110,0.5925925925925927,0.0832614239111052,111111111110,0.0832614239111052,111111111110:0.593; 011111111111:0.037; 101111111111:0.037,,,,,,
grover_warm_top_3_r12,exploratory_sweep,top_3,12,inverse,12,1.0,0.0851332191782952,0.0842841487476258,0.06061182978329292,0.3036615876121043,0.47742489298267526,0.47057078655073353,0.4852763882066813,111111111110,0.3036615876121043,0.0832614239111052,111111111110,0.0832614239111052,111111111110:0.304; 111111110111:0.130; 111111111011:0.117,,,,,,
grover_uniform_top_8_r2,exploratory_sweep,top_8,2,uniform,12,1.0,0.08521590912892525,0.0874612047385159,0.06069782557266743,0.12448559670781895,0.08333333333333333,0.9958847736625516,0.37345679012345684,111101111111,0.12448559670781895,0.0881467206672208,111111111110,0.0832614239111052,111101111111:0.124; 111110111111:0.124; 111111011111:0.124,,,,,,
grover_warm_thresholdle0p0836849565092_r6,exploratory_sweep,threshold<=0.0836849565092,6,inverse,12,1.0,0.08526076380851273,0.0842841487476258,0.06070190081930194,0.18952713598533477,0.47742489298267526,0.25359071296147423,0.5174888717542219,111111111101,0.20879992036376385,0.0840670141736464,111111111110,0.0832614239111052,111111111101:0.209; 111111111110:0.190; 111111110111:0.132,,,,,,
grover_warm_top_2_r6,exploratory_sweep,top_2,6,inverse,12,1.0,0.08526076380851273,0.0842841487476258,0.06070190081930194,0.18952713598533477,0.47742489298267526,0.25359071296147423,0.5174888717542219,111111111101,0.20879992036376385,0.0840670141736464,111111111110,0.0832614239111052,111111111101:0.209; 111111111110:0.190; 111111110111:0.132,,,,,,
grover_uniform_top_5_r7,exploratory_sweep,top_5,7,uniform,12,1.0,0.08528546955142838,0.0874612047385159,0.060813431618135856,0.15890408934980196,0.08333333333333333,0.7945204467490098,0.4767122680494059,111111011111,0.15890408934980196,0.0836849565091918,111111111110,0.0832614239111052,111111011111:0.159; 111111110111:0.159; 111111111011:0.159,,,,,,
grover_uniform_thresholdle0p0846623615242_r8,exploratory_sweep,threshold<=0.0846623615242,8,uniform,12,1.0,0.08528808095678651,0.0874612047385159,0.06083277044763588,0.18558068762852645,0.08333333333333333,0.7423227505141058,0.40337103144278963,111111011111,0.18558068762852645,0.0836849565091918,111111111110,0.0832614239111052,111111011111:0.186; 111111110111:0.186; 111111111101:0.186,,,,,,
grover_warm_top_5_r11,exploratory_sweep,top_5,11,inverse,12,1.0,0.085330860904509,0.0842841487476258,0.060804284678034434,0.3516697777635659,0.47742489298267526,0.6344694934603551,0.4685712990414028,111111111110,0.3516697777635659,0.0832614239111052,111111111110,0.0832614239111052,111111111110:0.352; 111111101111:0.125; 111111011111:0.119,,,,,,
grover_uniform_thresholdle0p0876302659683_r6,exploratory_sweep,threshold<=0.0876302659683,6,uniform,12,1.0,0.08534129413840796,0.0874612047385159,0.06082646348458627,0.13013689823203956,0.08333333333333333,0.9109582876242769,0.39041069469611867,111110111111,0.13013689823203956,0.0876302659683052,111111111110,0.0832614239111052,111110111111:0.130; 111111011111:0.130; 111111101111:0.130,,,,,,
grover_uniform_top_8_r7,exploratory_sweep,top_8,7,uniform,12,1.0,0.0854376743248516,0.0874612047385159,0.060901408957891624,0.12042103625035691,0.08333333333333333,0.9633682900028553,0.3612631087510707,111101111111,0.12042103625035691,0.0881467206672208,111111111110,0.0832614239111052,111101111111:0.120; 111110111111:0.120; 111111011111:0.120,,,,,,
grover_uniform_thresholdle0p0836849565092_r8,exploratory_sweep,threshold<=0.0836849565092,8,uniform,12,1.0,0.08548241779563946,0.0874612047385159,0.06110039793900791,0.29007645166128493,0.08333333333333333,0.5801529033225699,0.37404587099677095,111111011111,0.29007645166128493,0.0836849565091918,111111111110,0.0832614239111052,111111011111:0.290; 111111111110:0.290; 011111111111:0.042,,,,,,
grover_uniform_top_2_r8,exploratory_sweep,top_2,8,uniform,12,1.0,0.08548241779563946,0.0874612047385159,0.06110039793900791,0.29007645166128493,0.08333333333333333,0.5801529033225699,0.37404587099677095,111111011111,0.29007645166128493,0.0836849565091918,111111111110,0.0832614239111052,111111011111:0.290; 111111111110:0.290; 011111111111:0.042,,,,,,
grover_warm_thresholdle0p0836849565092_r1,exploratory_sweep,threshold<=0.0836849565092,1,inverse,12,1.0,0.0855832808890896,0.0842841487476258,0.06097465165916868,0.0944518624102033,0.47742489298267526,0.1263782888113494,0.4783089469644404,111111111101,0.24438621931941495,0.0840670141736464,111111111110,0.0832614239111052,111111111101:0.244; 111111110111:0.154; 111111111011:0.139,,,,,,
grover_warm_top_2_r1,exploratory_sweep,top_2,1,inverse,12,1.0,0.0855832808890896,0.0842841487476258,0.06097465165916868,0.0944518624102033,0.47742489298267526,0.1263782888113494,0.4783089469644404,111111111101,0.24438621931941495,0.0840670141736464,111111111110,0.0832614239111052,111111111101:0.244; 111111110111:0.154; 111111111011:0.139,,,,,,
grover_uniform_top_5_r1,exploratory_sweep,top_5,1,uniform,12,1.0,0.0855951406593578,0.0874612047385159,0.061090348438272636,0.1481481481481482,0.08333333333333333,0.7407407407407409,0.4444444444444446,111111011111,0.1481481481481482,0.0836849565091918,111111111110,0.0832614239111052,111111011111:0.148; 111111110111:0.148; 111111111011:0.148,,,,,,
grover_uniform_thresholdle0p0876302659683_r2,exploratory_sweep,threshold<=0.0876302659683,2,uniform,12,1.0,0.08559726297393426,0.0874612047385159,0.061059812242651085,0.12448559670781895,0.08333333333333333,0.8713991769547325,0.37345679012345684,111110111111,0.12448559670781895,0.0876302659683052,111111111110,0.0832614239111052,111110111111:0.124; 111111011111:0.124; 111111101111:0.124,,,,,,
grover_warm_thresholdle0p0846623615242_r2,exploratory_sweep,threshold<=0.0846623615242,2,inverse,12,1.0,0.08563095500810936,0.0842841487476258,0.06106179858569288,0.2608221221827486,0.47742489298267526,0.43906315457745415,0.48078942158972066,111111111110,0.2608221221827486,0.0832614239111052,111111111110,0.0832614239111052,111111111110:0.261; 111111111011:0.165; 111111101111:0.136,,,,,,
grover_uniform_thresholdle0p0836849565092_r6,exploratory_sweep,threshold<=0.0836849565092,6,uniform,12,1.0,0.08571850029916739,0.0874612047385159,0.06129828462081435,0.26541061629293455,0.08333333333333333,0.5308212325858691,0.35924636977576074,111111011111,0.26541061629293455,0.0836849565091918,111111111110,0.0832614239111052,111111011111:0.265; 111111111110:0.265; 011111111111:0.047,,,,,,
grover_uniform_top_2_r6,exploratory_sweep,top_2,6,uniform,12,1.0,0.08571850029916739,0.0874612047385159,0.06129828462081435,0.26541061629293455,0.08333333333333333,0.5308212325858691,0.35924636977576074,111111011111,0.26541061629293455,0.0836849565091918,111111111110,0.0832614239111052,111111011111:0.265; 111111111110:0.265; 011111111111:0.047,,,,,,
grover_warm_thresholdle0p0836849565092_r3,exploratory_sweep,threshold<=0.0836849565092,3,inverse,12,1.0,0.08580444834971025,0.0842841487476258,0.06116169170841993,0.029253588920907344,0.47742489298267526,0.03914182754130156,0.4514411467922369,111111111101,0.26878967528158926,0.0840670141736464,111111111110,0.0832614239111052,111111111101:0.269; 111111110111:0.170; 111111111011:0.153,,,,,,
grover_warm_top_2_r3,exploratory_sweep,top_2,3,inverse,12,1.0,0.08580444834971025,0.0842841487476258,0.06116169170841993,0.029253588920907344,0.47742489298267526,0.03914182754130156,0.4514411467922369,111111111101,0.26878967528158926,0.0840670141736464,111111111110,0.0832614239111052,111111111101:0.269; 111111110111:0.170; 111111111011:0.153,,,,,,
grover_uniform_thresholdle0p0832614239111_r9,exploratory_sweep,threshold<=0.0832614239111,9,uniform,12,1.0,0.08585474452807522,0.0874612047385159,0.06123708507321654,0.433967946603189,0.08333333333333333,0.433967946603189,0.5368828654026092,111111111110,0.433967946603189,0.0832614239111052,111111111110,0.0832614239111052,111111111110:0.434; 011111111111:0.051; 101111111111:0.051,,,,,,
grover_uniform_top_1_r9,exploratory_sweep,top_1,9,uniform,12,1.0,0.08585474452807522,0.0874612047385159,0.06123708507321654,0.433967946603189,0.08333333333333333,0.433967946603189,0.5368828654026092,111111111110,0.433967946603189,0.0832614239111052,111111111110,0.0832614239111052,111111111110:0.434; 011111111111:0.051; 101111111111:0.051,,,,,,
grover_uniform_top_8_r12,exploratory_sweep,top_8,12,uniform,12,1.0,0.08586666298291323,0.0874612047385159,0.06129522622424024,0.11255843937633606,0.08333333333333333,0.9004675150106884,0.3376753181290082,111101111111,0.11255843937633606,0.0881467206672208,111111111110,0.0832614239111052,111101111111:0.113; 111110111111:0.113; 111111011111:0.113,,,,,,
grover_uniform_thresholdle0p0876302659683_r11,exploratory_sweep,threshold<=0.0876302659683,11,uniform,12,1.0,0.08589226182126627,0.0874612047385159,0.06132874191338206,0.11797258729343796,0.08333333333333333,0.8258081110540657,0.3539177618803139,111110111111,0.11797258729343796,0.0876302659683052,111111111110,0.0832614239111052,111110111111:0.118; 111111011111:0.118; 111111101111:0.118,,,,,,
grover_warm_thresholdle0p0836849565092_r8,exploratory_sweep,threshold<=0.0836849565092,8,inverse,12,1.0,0.08590060219566742,0.0842841487476258,0.061243008462851425,0.0009082585175506894,0.47742489298267526,0.0012152662141047283,0.4397602136580566,111111111101,0.27939922036939235,0.0840670141736464,111111111110,0.0832614239111052,111111111101:0.279; 111111110111:0.177; 111111111011:0.159,,,,,,
grover_warm_top_2_r8,exploratory_sweep,top_2,8,inverse,12,1.0,0.08590060219566742,0.0842841487476258,0.061243008462851425,0.0009082585175506894,0.47742489298267526,0.0012152662141047283,0.4397602136580566,111111111101,0.27939922036939235,0.0840670141736464,111111111110,0.0832614239111052,111111111101:0.279; 111111110111:0.177; 111111111011:0.159,,,,,,
grover_uniform_top_5_r10,exploratory_sweep,top_5,10,uniform,12,1.0,0.0859273255789748,0.0874612047385159,0.061387397756992736,0.1366102249386923,0.08333333333333333,0.6830511246934614,0.4098306748160769,111111011111,0.1366102249386923,0.0836849565091918,111111111110,0.0832614239111052,111111011111:0.137; 111111110111:0.137; 111111111011:0.137,,,,,,
grover_uniform_top_8_r10,exploratory_sweep,top_8,10,uniform,12,1.0,0.0860283731427883,0.0874612047385159,0.06144367829145933,0.10959458060376165,0.08333333333333333,0.8767566448300932,0.32878374181128495,111101111111,0.10959458060376165,0.0881467206672208,111111111110,0.0832614239111052,111101111111:0.110; 111110111111:0.110; 111111011111:0.110,,,,,,
grover_uniform_thresholdle0p0832614239111_r6,exploratory_sweep,threshold<=0.0832614239111,6,uniform,12,1.0,0.0860968949429898,0.0874612047385159,0.061466497047607746,0.38111489955297645,0.08333333333333333,0.38111489955297645,0.4936394632706171,111111111110,0.38111489955297645,0.0832614239111052,111111111110,0.0832614239111052,111111111110:0.381; 011111111111:0.056; 101111111111:0.056,,,,,,
grover_uniform_top_1_r6,exploratory_sweep,top_1,6,uniform,12,1.0,0.0860968949429898,0.0874612047385159,0.061466497047607746,0.38111489955297645,0.08333333333333333,0.38111489955297645,0.4936394632706171,111111111110,0.38111489955297645,0.0832614239111052,111111111110,0.0832614239111052,111111111110:0.381; 011111111111:0.056; 101111111111:0.056,,,,,,
grover_uniform_thresholdle0p0846623615242_r9,exploratory_sweep,threshold<=0.0846623615242,9,uniform,12,1.0,0.08611644490066234,0.0874612047385159,0.0615670357902475,0.14660544730078373,0.08333333333333333,0.5864217892031349,0.3449081709511756,111111011111,0.14660544730078373,0.0836849565091918,111111111110,0.0832614239111052,111111011111:0.147; 111111110111:0.147; 111111111101:0.147,,,,,,
grover_warm_thresholdle0p0846623615242_r4,exploratory_sweep,threshold<=0.0846623615242,4,inverse,12,1.0,0.0861393282070782,0.0842841487476258,0.06150940329300298,0.1790620006805383,0.47742489298267526,0.30142967255155423,0.4221537781180683,111111111011,0.20519557420070084,0.0848356908620562,111111111110,0.0832614239111052,111111111011:0.205; 111111111110:0.179; 111111101111:0.169,,,,,,
grover_warm_top_3_r10,exploratory_sweep,top_3,10,inverse,12,1.0,0.08643203055703452,0.0842841487476258,0.06173744438103578,0.037858245426781324,0.47742489298267526,0.05866723041265254,0.254518096097051,111111110111,0.23101021156076498,0.0846623615241569,111111111110,0.0832614239111052,111111110111:0.231; 111111111011:0.209; 111111101111:0.172,,,,,,
grover_warm_thresholdle0p0846623615242_r12,exploratory_sweep,threshold<=0.0846623615242,12,inverse,12,1.0,0.08646520945832614,0.0842841487476258,0.06179633026393409,0.12665150628120947,0.47742489298267526,0.21320281199480293,0.3845667123541188,111111111011,0.23111101979082835,0.0848356908620562,111111111110,0.0832614239111052,111111111011:0.231; 111111101111:0.191; 111111111110:0.127,,,,,,
grover_warm_top_3_r7,exploratory_sweep,top_3,7,inverse,12,1.0,0.08652170784469494,0.0842841487476258,0.06181516318280243,0.01950567848101246,0.47742489298267526,0.030227077903382065,0.23858523773110712,111111110111,0.23798964100405018,0.0846623615241569,111111111110,0.0832614239111052,111111110111:0.238; 111111111011:0.215; 111111101111:0.177,,,,,,
grover_uniform_thresholdle0p0836849565092_r4,exploratory_sweep,threshold<=0.0836849565092,4,uniform,12,1.0,0.08653729343183728,0.0874612047385159,0.06198460509644753,0.1798633338413858,0.08333333333333333,0.3597266676827716,0.30791800030483146,111111011111,0.1798633338413858,0.0836849565091918,111111111110,0.0832614239111052,111111011111:0.180; 111111111110:0.180; 011111111111:0.064,,,,,,
grover_uniform_top_2_r4,exploratory_sweep,top_2,4,uniform,12,1.0,0.08653729343183728,0.0874612047385159,0.06198460509644753,0.1798633338413858,0.08333333333333333,0.3597266676827716,0.30791800030483146,111111011111,0.1798633338413858,0.0836849565091918,111111111110,0.0832614239111052,111111011111:0.180; 111111111110:0.180; 011111111111:0.064,,,,,,
grover_warm_top_8_r8,exploratory_sweep,top_8,8,inverse,12,1.0,0.08654344437950293,0.0842841487476258,0.061934595141727486,0.32992956450516764,0.47742489298267526,0.6576879957958863,0.43960423786057656,111111111110,0.32992956450516764,0.0832614239111052,111111111110,0.0832614239111052,111111111110:0.330; 111011111111:0.119; 111111011111:0.112,,,,,,
grover_warm_top_3_r4,exploratory_sweep,top_3,4,inverse,12,1.0,0.08658248283352718,0.0842841487476258,0.06186783381360152,0.007068002450970804,0.47742489298267526,0.010952967409708905,0.227787416850043,111111110111,0.24271965411592852,0.0846623615241569,111111111110,0.0832614239111052,111111110111:0.243; 111111111011:0.219; 111111101111:0.181,,,,,,
grover_warm_thresholdle0p0846623615242_r11,exploratory_sweep,threshold<=0.0846623615242,11,inverse,12,1.0,0.08658802382642312,0.0842841487476258,0.06190446399206339,0.10689964351937649,0.47742489298267526,0.17995289016909616,0.3704013324412166,111111111011,0.24087773408296637,0.0848356908620562,111111111110,0.0832614239111052,111111111011:0.241; 111111101111:0.199; 111111111110:0.107,,,,,,
grover_warm_top_3_r1,exploratory_sweep,top_3,1,inverse,12,1.0,0.08661316970358529,0.0842841487476258,0.06189442858283583,0.0007878968435103888,0.47742489298267526,0.0012209685139535401,0.22233531669083853,111111110111,0.24510796056445802,0.0846623615241569,111111111110,0.0832614239111052,111111110111:0.245; 111111111011:0.221; 111111101111:0.183,,,,,,
grover_uniform_top_8_r5,exploratory_sweep,top_8,5,uniform,12,1.0,0.08668197320322586,0.0874612047385159,0.062043691798226275,0.09761525738510957,0.08333333333333333,0.7809220590808765,0.2928457721553287,111101111111,0.09761525738510957,0.0881467206672208,111111111110,0.0832614239111052,111101111111:0.098; 111110111111:0.098; 111111011111:0.098,,,,,,
grover_uniform_thresholdle0p0836849565092_r10,exploratory_sweep,threshold<=0.0836849565092,10,uniform,12,1.0,0.08676171754012926,0.0874612047385159,0.06217271959643637,0.15641556441715146,0.08333333333333333,0.3128311288343029,0.29384933865029084,111111011111,0.15641556441715146,0.0836849565091918,111111111110,0.0832614239111052,111111011111:0.156; 111111111110:0.156; 011111111111:0.069,,,,,,
grover_uniform_top_2_r10,exploratory_sweep,top_2,10,uniform,12,1.0,0.08676171754012926,0.0874612047385159,0.06217271959643637,0.15641556441715146,0.08333333333333333,0.3128311288343029,0.29384933865029084,111111011111,0.15641556441715146,0.0836849565091918,111111111110,0.0832614239111052,111111011111:0.156; 111111111110:0.156; 011111111111:0.069,,,,,,
grover_warm_thresholdle0p0876302659683_r10,exploratory_sweep,threshold<=0.0876302659683,10,inverse,12,1.0,0.08676516062940913,0.0842841487476258,0.062121764909177674,0.2892320546033951,0.47742489298267526,0.5642998448741983,0.38537812493242823,111111111110,0.2892320546033951,0.0832614239111052,111111111110,0.0832614239111052,111111111110:0.289; 111101111111:0.129; 111011111111:0.107,,,,,,
grover_uniform_thresholdle0p0832614239111_r4,exploratory_sweep,threshold<=0.0832614239111,4,uniform,12,1.0,0.08676668222704806,0.0874612047385159,0.06210104984534762,0.234923538078545,0.08333333333333333,0.234923538078545,0.37402834933699136,111111111110,0.234923538078545,0.0832614239111052,111111111110,0.0832614239111052,111111111110:0.235; 011111111111:0.070; 101111111111:0.070,,,,,,
grover_uniform_top_1_r4,exploratory_sweep,top_1,4,uniform,12,1.0,0.08676668222704806,0.0874612047385159,0.06210104984534762,0.234923538078545,0.08333333333333333,0.234923538078545,0.37402834933699136,111111111110,0.234923538078545,0.0832614239111052,111111111110,0.0832614239111052,111111111110:0.235; 011111111111:0.070; 101111111111:0.070,,,,,,
grover_warm_top_5_r9,exploratory_sweep,top_5,9,inverse,12,1.0,0.08676712543043454,0.0842841487476258,0.062078070069634936,0.17911268099618496,0.47742489298267526,0.32314841697991725,0.2386530401984003,111111101111,0.23236820040211373,0.0852143098547604,111111111110,0.0832614239111052,111111101111:0.232; 111111111110:0.179; 111110111111:0.110,,,,,,
grover_uniform_thresholdle0p0846623615242_r4,exploratory_sweep,threshold<=0.0846623615242,4,uniform,12,1.0,0.08679605135435546,0.0874612047385159,0.06216944185735277,0.11462937560331256,0.08333333333333333,0.45851750241325023,0.2969440634049688,111111011111,0.11462937560331256,0.0836849565091918,111111111110,0.0832614239111052,111111011111:0.115; 111111110111:0.115; 111111111101:0.115,,,,,,
grover_warm_top_8_r1,exploratory_sweep,top_8,1,inverse,12,1.0,0.08683657056128832,0.0842841487476258,0.06220168417820589,0.31079318329954914,0.47742489298267526,0.6195411621807005,0.4141065705390001,111111111110,0.31079318329954914,0.0832614239111052,111111111110,0.0832614239111052,111111111110:0.311; 111011111111:0.132; 111111011111:0.105,,,,,,
grover_warm_thresholdle0p0846623615242_r5,exploratory_sweep,threshold<=0.0846623615242,5,inverse,12,1.0,0.08684922615781485,0.0842841487476258,0.06213444345071393,0.06489126385938773,0.47742489298267526,0.1092367578953209,0.34027431786115236,111111111011,0.261649640356413,0.0848356908620562,111111111110,0.0832614239111052,111111111011:0.262; 111111101111:0.216; 111110111111:0.102,,,,,,
grover_uniform_thresholdle0p0832614239111_r11,exploratory_sweep,threshold<=0.0832614239111,11,uniform,12,1.0,0.08696828739502095,0.0874612047385159,0.06229204947526129,0.19092011387547428,0.08333333333333333,0.19092011387547428,0.3380255477162971,111111111110,0.19092011387547428,0.0832614239111052,111111111110,0.0832614239111052,111111111110:0.191; 011111111111:0.074; 101111111111:0.074,,,,,,
grover_uniform_top_1_r11,exploratory_sweep,top_1,11,uniform,12,1.0,0.08696828739502095,0.0874612047385159,0.06229204947526129,0.19092011387547428,0.08333333333333333,0.19092011387547428,0.3380255477162971,111111111110,0.19092011387547428,0.0832614239111052,111111111110,0.0832614239111052,111111111110:0.191; 011111111111:0.074; 101111111111:0.074,,,,,,
grover_warm_thresholdle0p0876302659683_r4,exploratory_sweep,threshold<=0.0876302659683,4,inverse,12,1.0,0.08701301421569245,0.0842841487476258,0.06234611896586881,0.2704315521762915,0.47742489298267526,0.5276195377148862,0.3603279886912024,111111111110,0.2704315521762915,0.0832614239111052,111111111110,0.0832614239111052,111111111110:0.270; 111101111111:0.140; 111011111111:0.116,,,,,,
grover_uniform_thresholdle0p0876302659683_r8,exploratory_sweep,threshold<=0.0876302659683,8,uniform,12,1.0,0.08705987088528333,0.0874612047385159,0.06239316885595646,0.09219401597007432,0.08333333333333333,0.6453581117905203,0.27658204791022295,111110111111,0.09219401597007432,0.0876302659683052,111111111110,0.0832614239111052,111110111111:0.092; 111111011111:0.092; 111111101111:0.092,,,,,,
grover_uniform_top_5_r9,exploratory_sweep,top_5,9,uniform,12,1.0,0.08709626410176742,0.0874612047385159,0.0624326962377955,0.0960089751043944,0.08333333333333333,0.48004487552197206,0.2880269253131832,111111011111,0.0960089751043944,0.0836849565091918,111111111110,0.0832614239111052,111111011111:0.096; 111111110111:0.096; 111111111011:0.096,,,,,,
grover_warm_thresholdle0p0846623615242_r1,exploratory_sweep,threshold<=0.0846623615242,1,inverse,12,1.0,0.0871158043417184,0.0842841487476258,0.062369156158274895,0.02201830212575764,0.47742489298267526,0.037065204089555714,0.3095272537350432,111111111011,0.2828490569967135,0.0848356908620562,111111111110,0.0832614239111052,111111111011:0.283; 111111101111:0.233; 111110111111:0.110,,,,,,
grover_warm_top_8_r5,exploratory_sweep,top_8,5,inverse,12,1.0,0.08713548940548818,0.0842841487476258,0.062474051339666214,0.2912786352734697,0.47742489298267526,0.5806404834877074,0.3881050267699091,111111111110,0.2912786352734697,0.0832614239111052,111111111110,0.0832614239111052,111111111110:0.291; 111011111111:0.146; 111111011111:0.098,,,,,,
grover_warm_top_5_r5,exploratory_sweep,top_5,5,inverse,12,1.0,0.087137198357607,0.0842841487476258,0.06240627805636033,0.13465101759616793,0.47742489298267526,0.2429323425841828,0.1794114997129557,111111101111,0.2599069774667835,0.0852143098547604,111111111110,0.0832614239111052,111111101111:0.260; 111111111110:0.135; 111110111111:0.123,,,,,,
grover_warm_thresholdle0p0846623615242_r8,exploratory_sweep,threshold<=0.0846623615242,8,inverse,12,1.0,0.08724325384260767,0.0842841487476258,0.062481370957674386,0.0015209849988148147,0.47742489298267526,0.0025603981213553257,0.2948272587118176,111111111011,0.2929843765130598,0.0848356908620562,111111111110,0.0832614239111052,111111111011:0.293; 111111101111:0.242; 111110111111:0.114,,,,,,
grover_warm_thresholdle0p0876302659683_r1,exploratory_sweep,threshold<=0.0876302659683,1,inverse,12,1.0,0.08726188076738398,0.0842841487476258,0.06257138994654735,0.25155421302109454,0.47742489298267526,0.49078931994555103,0.33517547377608026,111111111110,0.25155421302109454,0.0832614239111052,111111111110,0.0832614239111052,111111111110:0.252; 111101111111:0.150; 111011111111:0.125,,,,,,
grover_warm_top_8_r12,exploratory_sweep,top_8,12,inverse,12,1.0,0.0874383158835881,0.0842841487476258,0.06274997903661646,0.27150898218830727,0.47742489298267526,0.5412312734199116,0.36176357631424755,111111111110,0.27150898218830727,0.0832614239111052,111111111110,0.0832614239111052,111111111110:0.272; 111011111111:0.160; 110111111111:0.107,,,,,,
grover_uniform_thresholdle0p0832614239111_r0,exploratory_sweep,threshold<=0.0832614239111,0,uniform,12,1.0,0.0874612047385159,0.0874612047385159,0.06275903666181115,0.08333333333333333,0.08333333333333333,0.08333333333333333,0.25,011111111111,0.08333333333333333,0.0940745290922824,111111111110,0.0832614239111052,011111111111:0.083; 101111111111:0.083; 110111111111:0.083,,,,,,
grover_uniform_thresholdle0p0836849565092_r0,exploratory_sweep,threshold<=0.0836849565092,0,uniform,12,1.0,0.0874612047385159,0.0874612047385159,0.06275903666181115,0.08333333333333333,0.08333333333333333,0.16666666666666666,0.25,011111111111,0.08333333333333333,0.0940745290922824,111111111110,0.0832614239111052,011111111111:0.083; 101111111111:0.083; 110111111111:0.083,,,,,,
grover_uniform_thresholdle0p0846623615242_r0,exploratory_sweep,threshold<=0.0846623615242,0,uniform,12,1.0,0.0874612047385159,0.0874612047385159,0.06275903666181115,0.08333333333333333,0.08333333333333333,0.3333333333333333,0.25,011111111111,0.08333333333333333,0.0940745290922824,111111111110,0.0832614239111052,011111111111:0.083; 101111111111:0.083; 110111111111:0.083,,,,,,
grover_uniform_thresholdle0p0876302659683_r0,exploratory_sweep,threshold<=0.0876302659683,0,uniform,12,1.0,0.0874612047385159,0.0874612047385159,0.06275903666181115,0.08333333333333333,0.08333333333333333,0.5833333333333333,0.25,011111111111,0.08333333333333333,0.0940745290922824,111111111110,0.0832614239111052,011111111111:0.083; 101111111111:0.083; 110111111111:0.083,,,,,,
grover_uniform_top_1_r0,exploratory_sweep,top_1,0,uniform,12,1.0,0.0874612047385159,0.0874612047385159,0.06275903666181115,0.08333333333333333,0.08333333333333333,0.08333333333333333,0.25,011111111111,0.08333333333333333,0.0940745290922824,111111111110,0.0832614239111052,011111111111:0.083; 101111111111:0.083; 110111111111:0.083,,,,,,
grover_uniform_top_2_r0,exploratory_sweep,top_2,0,uniform,12,1.0,0.0874612047385159,0.0874612047385159,0.06275903666181115,0.08333333333333333,0.08333333333333333,0.16666666666666666,0.25,011111111111,0.08333333333333333,0.0940745290922824,111111111110,0.0832614239111052,011111111111:0.083; 101111111111:0.083; 110111111111:0.083,,,,,,
grover_uniform_top_3_r0,exploratory_sweep,top_3,0,uniform,12,1.0,0.0874612047385159,0.0874612047385159,0.06275903666181115,0.08333333333333333,0.08333333333333333,0.25,0.25,011111111111,0.08333333333333333,0.0940745290922824,111111111110,0.0832614239111052,011111111111:0.083; 101111111111:0.083; 110111111111:0.083,,,,,,
grover_uniform_top_3_r11,exploratory_sweep,top_3,11,uniform,12,1.0,0.0874612047385159,0.0874612047385159,0.06275903666181115,0.08333333333333333,0.08333333333333333,0.25,0.25,011111111111,0.08333333333333333,0.0940745290922824,111111111110,0.0832614239111052,011111111111:0.083; 101111111111:0.083; 110111111111:0.083,,,,,,
grover_uniform_top_3_r12,exploratory_sweep,top_3,12,uniform,12,1.0,0.0874612047385159,0.0874612047385159,0.06275903666181115,0.08333333333333333,0.08333333333333333,0.25,0.25,011111111111,0.08333333333333333,0.0940745290922824,111111111110,0.0832614239111052,011111111111:0.083; 101111111111:0.083; 110111111111:0.083,,,,,,
grover_uniform_top_3_r2,exploratory_sweep,top_3,2,uniform,12,1.0,0.0874612047385159,0.0874612047385159,0.06275903666181115,0.08333333333333333,0.08333333333333333,0.25,0.25,011111111111,0.08333333333333333,0.0940745290922824,111111111110,0.0832614239111052,011111111111:0.083; 101111111111:0.083; 110111111111:0.083,,,,,,
grover_uniform_top_3_r3,exploratory_sweep,top_3,3,uniform,12,1.0,0.0874612047385159,0.0874612047385159,0.06275903666181115,0.08333333333333333,0.08333333333333333,0.25,0.25,011111111111,0.08333333333333333,0.0940745290922824,111111111110,0.0832614239111052,011111111111:0.083; 101111111111:0.083; 110111111111:0.083,,,,,,
grover_uniform_top_3_r5,exploratory_sweep,top_3,5,uniform,12,1.0,0.0874612047385159,0.0874612047385159,0.06275903666181115,0.08333333333333333,0.08333333333333333,0.25,0.25,011111111111,0.08333333333333333,0.0940745290922824,111111111110,0.0832614239111052,011111111111:0.083; 101111111111:0.083; 110111111111:0.083,,,,,,
grover_uniform_top_3_r6,exploratory_sweep,top_3,6,uniform,12,1.0,0.0874612047385159,0.0874612047385159,0.06275903666181115,0.08333333333333333,0.08333333333333333,0.25,0.25,011111111111,0.08333333333333333,0.0940745290922824,111111111110,0.0832614239111052,011111111111:0.083; 101111111111:0.083; 110111111111:0.083,,,,,,
grover_uniform_top_3_r8,exploratory_sweep,top_3,8,uniform,12,1.0,0.0874612047385159,0.0874612047385159,0.06275903666181115,0.08333333333333333,0.08333333333333333,0.25,0.25,011111111111,0.08333333333333333,0.0940745290922824,111111111110,0.0832614239111052,011111111111:0.083; 101111111111:0.083; 110111111111:0.083,,,,,,
grover_uniform_top_3_r9,exploratory_sweep,top_3,9,uniform,12,1.0,0.0874612047385159,0.0874612047385159,0.06275903666181115,0.08333333333333333,0.08333333333333333,0.25,0.25,011111111111,0.08333333333333333,0.0940745290922824,111111111110,0.0832614239111052,011111111111:0.083; 101111111111:0.083; 110111111111:0.083,,,,,,
grover_uniform_top_5_r0,exploratory_sweep,top_5,0,uniform,12,1.0,0.0874612047385159,0.0874612047385159,0.06275903666181115,0.08333333333333333,0.08333333333333333,0.41666666666666663,0.25,011111111111,0.08333333333333333,0.0940745290922824,111111111110,0.0832614239111052,011111111111:0.083; 101111111111:0.083; 110111111111:0.083,,,,,,
grover_uniform_top_8_r0,exploratory_sweep,top_8,0,uniform,12,1.0,0.0874612047385159,0.0874612047385159,0.06275903666181115,0.08333333333333333,0.08333333333333333,0.6666666666666666,0.25,011111111111,0.08333333333333333,0.0940745290922824,111111111110,0.0832614239111052,011111111111:0.083; 101111111111:0.083; 110111111111:0.083,,,,,,
uniform_feasible,exploratory_sweep,none,0,uniform,12,1.0,0.0874612047385159,0.0874612047385159,0.06275903666181115,0.08333333333333333,0.08333333333333333,,0.25,011111111111,0.08333333333333333,0.0940745290922824,111111111110,0.0832614239111052,011111111111:0.083; 101111111111:0.083; 110111111111:0.083,,,,,,
grover_warm_top_5_r1,exploratory_sweep,top_5,1,inverse,12,1.0,0.08746959567534403,0.0842841487476258,0.06270107253181935,0.09471581409665611,0.47742489298267526,0.17088273827440773,0.12620109789722225,111111101111,0.28464214439724195,0.0852143098547604,111111111110,0.0832614239111052,111111101111:0.285; 111110111111:0.135; 111101111111:0.121,,,,,,
grover_warm_thresholdle0p0876302659683_r7,exploratory_sweep,threshold<=0.0876302659683,7,inverse,12,1.0,0.08751040951109416,0.0842841487476258,0.06279635514754307,0.23270249770240817,0.47742489298267526,0.4540090949994102,0.3100571005334002,111111111110,0.23270249770240817,0.0832614239111052,111111111110,0.0832614239111052,111111111110:0.233; 111101111111:0.161; 111011111111:0.134,,,,,,
grover_warm_top_5_r2,exploratory_sweep,top_5,2,inverse,12,1.0,0.08775375785710214,0.0842841487476258,0.06295308852847957,0.06057572345864007,0.47742489298267526,0.10928846039376586,0.08071221135889273,111111101111,0.3057879197270868,0.0852143098547604,111111111110,0.0832614239111052,111111101111:0.306; 111110111111:0.145; 111101111111:0.130,,,,,,
grover_uniform_thresholdle0p0832614239111_r10,exploratory_sweep,threshold<=0.0832614239111,10,uniform,12,1.0,0.0877618484744634,0.0874612047385159,0.06304386488759134,0.017713220615424453,0.08333333333333333,0.017713220615424453,0.19631081686716548,011111111111,0.08929879812587051,0.0940745290922824,111111111110,0.0832614239111052,011111111111:0.089; 101111111111:0.089; 110111111111:0.089,,,,,,
grover_uniform_top_1_r10,exploratory_sweep,top_1,10,uniform,12,1.0,0.0877618484744634,0.0874612047385159,0.06304386488759134,0.017713220615424453,0.08333333333333333,0.017713220615424453,0.19631081686716548,011111111111,0.08929879812587051,0.0940745290922824,111111111110,0.0832614239111052,011111111111:0.089; 101111111111:0.089; 110111111111:0.089,,,,,,
grover_uniform_thresholdle0p0832614239111_r5,exploratory_sweep,threshold<=0.0832614239111,5,uniform,12,1.0,0.0878139780776742,0.0874612047385159,0.06309325218763391,0.006335134097670302,0.08333333333333333,0.006335134097670302,0.18700147335263936,011111111111,0.09033316962748453,0.0940745290922824,111111111110,0.0832614239111052,011111111111:0.090; 101111111111:0.090; 110111111111:0.090,,,,,,
grover_uniform_top_1_r5,exploratory_sweep,top_1,5,uniform,12,1.0,0.0878139780776742,0.0874612047385159,0.06309325218763391,0.006335134097670302,0.08333333333333333,0.006335134097670302,0.18700147335263936,011111111111,0.09033316962748453,0.0940745290922824,111111111110,0.0832614239111052,011111111111:0.090; 101111111111:0.090; 110111111111:0.090,,,,,,
grover_uniform_top_5_r8,exploratory_sweep,top_5,8,uniform,12,1.0,0.08781835213275711,0.0874612047385159,0.06307840814400949,0.07092837764189601,0.08333333333333333,0.35464188820948006,0.21278513292568801,011111111111,0.09219401597007425,0.0940745290922824,111111111110,0.0832614239111052,011111111111:0.092; 101111111111:0.092; 110111111111:0.092,,,,,,
grover_uniform_thresholdle0p0876302659683_r9,exploratory_sweep,threshold<=0.0876302659683,9,uniform,12,1.0,0.08787129601822019,0.0874612047385159,0.06313288799654666,0.07427930349686113,0.08333333333333333,0.5199551244780278,0.22283791049058338,011111111111,0.09600897510439448,0.0940745290922824,111111111110,0.0832614239111052,011111111111:0.096; 101111111111:0.096; 110111111111:0.096,,,,,,
grover_uniform_thresholdle0p0836849565092_r11,exploratory_sweep,threshold<=0.0836849565092,11,uniform,12,1.0,0.08797156901294984,0.0874612047385159,0.06318682902791652,0.030010613593596837,0.08333333333333333,0.060021227187193674,0.21800636815615812,011111111111,0.09399787728128065,0.0940745290922824,111111111110,0.0832614239111052,011111111111:0.094; 101111111111:0.094; 110111111111:0.094,,,,,,
grover_uniform_top_2_r11,exploratory_sweep,top_2,11,uniform,12,1.0,0.08797156901294984,0.0874612047385159,0.06318682902791652,0.030010613593596837,0.08333333333333333,0.060021227187193674,0.21800636815615812,011111111111,0.09399787728128065,0.0940745290922824,111111111110,0.0832614239111052,011111111111:0.094; 101111111111:0.094; 110111111111:0.094,,,,,,
grover_warm_top_5_r6,exploratory_sweep,top_5,6,inverse,12,1.0,0.08798065769976986,0.0842841487476258,0.06315432005632805,0.033315300743343546,0.47742489298267526,0.060106222722726366,0.04438992126801067,111111101111,0.3226725490107704,0.0852143098547604,111111111110,0.0832614239111052,111111101111:0.323; 111110111111:0.153; 111101111111:0.137,,,,,,
grover_uniform_thresholdle0p0846623615242_r5,exploratory_sweep,threshold<=0.0846623615242,5,uniform,12,1.0,0.08806828917644012,0.0874612047385159,0.06329715890397554,0.054769485229780875,0.08333333333333333,0.2190779409191235,0.2071542278446713,011111111111,0.09761525738510957,0.0940745290922824,111111111110,0.0832614239111052,011111111111:0.098; 101111111111:0.098; 110111111111:0.098,,,,,,
grover_uniform_thresholdle0p0836849565092_r3,exploratory_sweep,threshold<=0.0836849565092,3,uniform,12,1.0,0.08807390381557648,0.0874612047385159,0.06327260706831545,0.019318701417466916,0.08333333333333333,0.03863740283493383,0.21159122085048016,011111111111,0.09613625971650662,0.0940745290922824,111111111110,0.0832614239111052,011111111111:0.096; 101111111111:0.096; 110111111111:0.096,,,,,,
grover_uniform_top_2_r3,exploratory_sweep,top_2,3,uniform,12,1.0,0.08807390381557648,0.0874612047385159,0.06327260706831545,0.019318701417466916,0.08333333333333333,0.03863740283493383,0.21159122085048016,011111111111,0.09613625971650662,0.0940745290922824,111111111110,0.0832614239111052,011111111111:0.096; 101111111111:0.096; 110111111111:0.096,,,,,,
grover_warm_top_5_r10,exploratory_sweep,top_5,10,inverse,12,1.0,0.08814308709791578,0.0842841487476258,0.0632983744354414,0.013800549200156229,0.47742489298267526,0.024898436016258046,0.01838810632897086,111111101111,0.3347596449744372,0.0852143098547604,111111111110,0.0832614239111052,111111101111:0.335; 111110111111:0.158; 111101111111:0.142,,,,,,
grover_uniform_thresholdle0p0836849565092_r7,exploratory_sweep,threshold<=0.0836849565092,7,uniform,12,1.0,0.08825585784505866,0.0874612047385159,0.06342512272956725,0.000308194206011636,0.08333333333333333,0.000616388412023272,0.20018491652360695,011111111111,0.09993836115879766,0.0940745290922824,111111111110,0.0832614239111052,011111111111:0.100; 101111111111:0.100; 110111111111:0.100,,,,,,
grover_uniform_top_2_r7,exploratory_sweep,top_2,7,uniform,12,1.0,0.08825585784505866,0.0874612047385159,0.06342512272956725,0.000308194206011636,0.08333333333333333,0.000616388412023272,0.20018491652360695,011111111111,0.09993836115879766,0.0940745290922824,111111111110,0.0832614239111052,011111111111:0.100; 101111111111:0.100; 110111111111:0.100,,,,,,
grover_uniform_top_8_r4,exploratory_sweep,top_8,4,uniform,12,1.0,0.08831497146413805,0.0874612047385159,0.06354280581669543,0.06768531219834371,0.08333333333333333,0.5414824975867497,0.20305593659503113,011111111111,0.11462937560331256,0.0940745290922824,111111111110,0.0832614239111052,011111111111:0.115; 101111111111:0.115; 110111111111:0.115,,,,,,
grover_uniform_thresholdle0p0846623615242_r10,exploratory_sweep,threshold<=0.0846623615242,10,uniform,12,1.0,0.0885774965266923,0.0874612047385159,0.06374852247702517,0.03081083879247661,0.08333333333333333,0.12324335516990644,0.17121625818871491,011111111111,0.10959458060376169,0.0940745290922824,111111111110,0.0832614239111052,011111111111:0.110; 101111111111:0.110; 110111111111:0.110,,,,,,
grover_uniform_thresholdle0p0846623615242_r12,exploratory_sweep,threshold<=0.0846623615242,12,uniform,12,1.0,0.08870348183024891,0.0874612047385159,0.06386019638891369,0.02488312124732792,0.08333333333333333,0.09953248498931168,0.1623246818709919,011111111111,0.11255843937633604,0.0940745290922824,111111111110,0.0832614239111052,011111111111:0.113; 101111111111:0.113; 110111111111:0.113,,,,,,
grover_uniform_top_5_r11,exploratory_sweep,top_5,11,uniform,12,1.0,0.08885740859746169,0.0874612047385159,0.0640075623491675,0.03483837778918675,0.08333333333333333,0.17419188894593374,0.10451513336756024,011111111111,0.11797258729343803,0.0940745290922824,111111111110,0.0832614239111052,011111111111:0.118; 101111111111:0.118; 110111111111:0.118,,,,,,
grover_uniform_thresholdle0p0846623615242_r7,exploratory_sweep,threshold<=0.0846623615242,7,uniform,12,1.0,0.08903769871773441,0.0874612047385159,0.06415644766736496,0.009157927499286215,0.08333333333333333,0.03663170999714486,0.1387368912489293,011111111111,0.12042103625035687,0.0940745290922824,111111111110,0.0832614239111052,011111111111:0.120; 101111111111:0.120; 110111111111:0.120,,,,,,
grover_uniform_top_5_r2,exploratory_sweep,top_5,2,uniform,12,1.0,0.08911992836443423,0.0874612047385159,0.06424231508273429,0.02572016460905348,0.08333333333333333,0.1286008230452674,0.07716049382716045,011111111111,0.12448559670781895,0.0940745290922824,111111111110,0.0832614239111052,011111111111:0.124; 101111111111:0.124; 110111111111:0.124,,,,,,
grover_uniform_thresholdle0p0876302659683_r10,exploratory_sweep,threshold<=0.0876302659683,10,uniform,12,1.0,0.0891848562152393,0.0874612047385159,0.06433036830694282,0.045278410758076953,0.08333333333333333,0.3169488753065387,0.13583523227423086,011111111111,0.1366102249386923,0.0940745290922824,111111111110,0.0832614239111052,011111111111:0.137; 101111111111:0.137; 110111111111:0.137,,,,,,
grover_uniform_top_8_r9,exploratory_sweep,top_8,9,uniform,12,1.0,0.08918728962487865,0.0874612047385159,0.06434360543457193,0.051697276349608225,0.08333333333333333,0.4135782107968658,0.15509182904882468,011111111111,0.1466054473007836,0.0940745290922824,111111111110,0.0832614239111052,011111111111:0.147; 101111111111:0.147; 110111111111:0.147,,,,,,
grover_uniform_thresholdle0p0846623615242_r2,exploratory_sweep,threshold<=0.0846623615242,2,uniform,12,1.0,0.08921047175530152,0.0874612047385159,0.06430959442678288,0.0010288065843621485,0.08333333333333333,0.004115226337448594,0.12654320987654322,011111111111,0.12448559670781895,0.0940745290922824,111111111110,0.0832614239111052,011111111111:0.124; 101111111111:0.124; 110111111111:0.124,,,,,,
grover_uniform_top_5_r6,exploratory_sweep,top_5,6,uniform,12,1.0,0.08934771528517077,0.0874612047385159,0.06444600870523874,0.017808342475144644,0.08333333333333333,0.08904171237572323,0.05342502742543393,011111111111,0.13013689823203956,0.0940745290922824,111111111110,0.0832614239111052,011111111111:0.130; 101111111111:0.130; 110111111111:0.130,,,,,,
grover_uniform_thresholdle0p0876302659683_r1,exploratory_sweep,threshold<=0.0876302659683,1,uniform,12,1.0,0.08955813922367026,0.0874612047385159,0.06467066413336624,0.03703703703703705,0.08333333333333333,0.2592592592592593,0.11111111111111115,011111111111,0.14814814814814814,0.0940745290922824,111111111110,0.0832614239111052,011111111111:0.148; 101111111111:0.148; 110111111111:0.148,,,,,,
grover_warm_top_8_r9,exploratory_sweep,top_8,9,inverse,12,1.0,0.0898135424971393,0.0842841487476258,0.0649142244266641,0.11644524257350741,0.47742489298267526,0.23212420603469855,0.15515378923617168,111011111111,0.2673783003002223,0.0891852628715516,111111111110,0.0832614239111052,111011111111:0.267; 110111111111:0.179; 101111111111:0.172,,,,,,
grover_uniform_top_5_r4,exploratory_sweep,top_5,4,uniform,12,1.0,0.08985457910616039,0.0874612047385159,0.06489926092656907,0.00020322105370115993,0.08333333333333333,0.0010161052685057996,0.0006096631611034798,011111111111,0.14271198496164203,0.0940745290922824,111111111110,0.0832614239111052,011111111111:0.143; 101111111111:0.143; 110111111111:0.143,,,,,,
grover_uniform_thresholdle0p0876302659683_r7,exploratory_sweep,threshold<=0.0876302659683,7,uniform,12,1.0,0.08990612300007202,0.0874612047385159,0.06498789643191186,0.029354221892998526,0.08333333333333333,0.20547955325098968,0.08806266567899558,011111111111,0.15890408934980205,0.0940745290922824,111111111110,0.0832614239111052,011111111111:0.159; 101111111111:0.159; 110111111111:0.159,,,,,,
grover_warm_thresholdle0p0876302659683_r9,exploratory_sweep,threshold<=0.0876302659683,9,inverse,12,1.0,0.08990902255115178,0.0842841487476258,0.06496755054575729,0.05075988005660712,0.47742489298267526,0.09903394864394853,0.0676334005400403,111101111111,0.2660762665367779,0.0881467206672208,111111111110,0.0832614239111052,111101111111:0.266; 111011111111:0.221; 110111111111:0.148,,,,,,
grover_warm_thresholdle0p0876302659683_r3,exploratory_sweep,threshold<=0.0876302659683,3,inverse,12,1.0,0.0900502706660951,0.0842841487476258,0.06509540662427009,0.04004575012353935,0.47742489298267526,0.07813038085827331,0.05335769617680888,111101111111,0.27224957713526227,0.0881467206672208,111111111110,0.0832614239111052,111101111111:0.272; 111011111111:0.226; 110111111111:0.152,,,,,,
grover_warm_top_8_r2,exploratory_sweep,top_8,2,inverse,12,1.0,0.09006447175367192,0.0842841487476258,0.06514286471032399,0.1000636355829485,0.47742489298267526,0.19946879279310104,0.13332663389525243,111011111111,0.2787490831231202,0.0891852628715516,111111111110,0.0832614239111052,111011111111:0.279; 110111111111:0.187; 101111111111:0.180,,,,,,
grover_warm_thresholdle0p0876302659683_r2,exploratory_sweep,threshold<=0.0876302659683,2,inverse,12,1.0,0.0901760464246439,0.0842841487476258,0.06520925731365075,0.030505248856940028,0.47742489298267526,0.0595165954943156,0.0406457562983638,111101111111,0.2777466616350661,0.0881467206672208,111111111110,0.0832614239111052,111101111111:0.278; 111011111111:0.231; 110111111111:0.155,,,,,,
grover_uniform_top_8_r8,exploratory_sweep,top_8,8,uniform,12,1.0,0.0902505474971647,0.0874612047385159,0.06531969023499382,0.032209656185736686,0.08333333333333333,0.2576772494858935,0.09662896855721007,011111111111,0.18558068762852664,0.0940745290922824,111111111110,0.0832614239111052,011111111111:0.186; 101111111111:0.186; 110111111111:0.186,,,,,,
grover_warm_thresholdle0p0876302659683_r8,exploratory_sweep,threshold<=0.0876302659683,8,inverse,12,1.0,0.09028566715350773,0.0842841487476258,0.06530848466632634,0.022190159251136037,0.47742489298267526,0.04329362262533558,0.029566577521571873,111101111111,0.28253768350166,0.0881467206672208,111111111110,0.0832614239111052,111101111111:0.283; 111011111111:0.235; 110111111111:0.157,,,,,,
grover_warm_top_8_r4,exploratory_sweep,top_8,4,inverse,12,1.0,0.09030083802790942,0.0842841487476258,0.06535823557913403,0.08463275492803357,0.47742489298267526,0.16870857587674892,0.11276624386171497,111011111111,0.2894599488394212,0.0891852628715516,111111111110,0.0832614239111052,111011111111:0.289; 110111111111:0.194; 101111111111:0.187,,,,,,
grover_warm_top_8_r11,exploratory_sweep,top_8,11,inverse,12,1.0,0.09052115075752884,0.0842841487476258,0.06555897887104872,0.07024991013140491,0.47742489298267526,0.14003753397625926,0.09360227613856822,111011111111,0.299443353071507,0.0891852628715516,111111111110,0.0832614239111052,111011111111:0.299; 110111111111:0.201; 101111111111:0.193,,,,,,
grover_uniform_thresholdle0p0876302659683_r12,exploratory_sweep,threshold<=0.0876302659683,12,uniform,12,1.0,0.09079804659064059,0.0874612047385159,0.06580100034637838,0.009662257687651303,0.08333333333333333,0.06763580381355912,0.028986773062953906,011111111111,0.1864728392372882,0.0940745290922824,111111111110,0.0832614239111052,011111111111:0.186; 101111111111:0.186; 110111111111:0.186,,,,,,
grover_uniform_top_8_r3,exploratory_sweep,top_8,3,uniform,12,1.0,0.09095388679787915,0.0874612047385159,0.06596536502270138,0.019318701417466846,0.08333333333333333,0.15454961133973477,0.05795610425240054,011111111111,0.2113625971650663,0.0940745290922824,111111111110,0.0832614239111052,011111111111:0.211; 101111111111:0.211; 110111111111:0.211,,,,,,
grover_uniform_thresholdle0p0876302659683_r3,exploratory_sweep,threshold<=0.0876302659683,3,uniform,12,1.0,0.09098198362717015,0.0874612047385159,0.0659686827868913,0.005601280292638321,0.08333333333333333,0.03920896204846825,0.016803840877914963,011111111111,0.19215820759030636,0.0940745290922824,111111111110,0.0832614239111052,011111111111:0.192; 101111111111:0.192; 110111111111:0.192,,,,,,
grover_uniform_thresholdle0p0876302659683_r5,exploratory_sweep,threshold<=0.0876302659683,5,uniform,12,1.0,0.09111749654009584,0.0874612047385159,0.06609222036469031,0.002609414779815642,0.08333333333333333,0.018265903458709497,0.007828244339446927,011111111111,0.1963468193082581,0.0940745290922824,111111111110,0.0832614239111052,011111111111:0.196; 101111111111:0.196; 110111111111:0.196,,,,,,
grover_uniform_top_8_r1,exploratory_sweep,top_8,1,uniform,12,1.0,0.09150273683577909,0.0874612047385159,0.06646921662226986,0.009259259259259262,0.08333333333333333,0.0740740740740741,0.027777777777777787,011111111111,0.23148148148148143,0.0940745290922824,111111111110,0.0832614239111052,011111111111:0.231; 101111111111:0.231; 110111111111:0.231,,,,,,
grover_warm_top_8_r10,exploratory_sweep,top_8,10,inverse,12,1.0,0.09156998145686493,0.0842841487476258,0.0665146464242111,0.0017782916618298511,0.47742489298267526,0.0035448811044367402,0.0023694286138467155,111011111111,0.3469707967220947,0.0891852628715516,111111111110,0.0832614239111052,111011111111:0.347; 110111111111:0.233; 101111111111:0.224,,,,,,
grover_warm_top_8_r3,exploratory_sweep,top_8,3,inverse,12,1.0,0.09159419108612378,0.0842841487476258,0.06653670561562439,0.00019779587833151967,0.47742489298267526,0.00039429014187210255,0.0002635468769714599,111011111111,0.3480678486973388,0.0891852628715516,111111111110,0.0832614239111052,111011111111:0.348; 110111111111:0.233; 101111111111:0.225,,,,,,
grover_uniform_top_8_r6,exploratory_sweep,top_8,6,uniform,12,1.0,0.09186110805394146,0.0874612047385159,0.06679820614407313,0.002690954091485853,0.08333333333333333,0.021527632731886823,0.00807286227445756,011111111111,0.24461809181702826,0.0940745290922824,111111111110,0.0832614239111052,011111111111:0.245; 101111111111:0.245; 110111111111:0.245,,,,,,
grover_uniform_top_8_r11,exploratory_sweep,top_8,11,uniform,12,1.0,0.09200550109832603,0.0874612047385159,0.06693076087005637,4.448715565146113e-05,0.08333333333333333,0.00035589724521168905,0.0001334614669543834,011111111111,0.2499110256886971,0.0940745290922824,111111111110,0.0832614239111052,011111111111:0.250; 101111111111:0.250; 110111111111:0.250,,,,,,
