seed,method,schedule,refined_schedule,objective,nominal_error,worst_error,robust_degradation,active_fraction,smoothness,solver_true_evaluations,shared_qubo_training_evaluations,total_true_evaluations_including_training,true_evaluations,runtime_seconds,refinement_mode,refinement_success,refined_nominal_error,refined_worst_error,refined_selected_worst_error,refined_all_mask_worst_error,refinement_nfev,refinement_runtime_seconds,refined_nominal_fuel,refined_recovery_fuel_mean,refined_recovery_fuel_max,selected_outage_indices,selected_outage_errors,all_outage_errors,recovery_indices,refined_controls,refined_recovery_controls
11,random,00001000000011,00001000000011,12.722009362302535,3.0411377140932276,8.090802688990683,5.049664974897455,0.21428571428571427,0.23076923076923078,120,0,120,120,2.5683490999799687,branch_recovery,False,1.8308698109921224,8.09359038611041,8.09359038611041,8.09359038611041,13,8.735846600000514,0.04178571428571429,0.027857142857142858,0.027857142857142858,"[4, 18, 17]","[8.09359038611041, 8.09359038611041, 8.09359038611041]","[1.8308698109921224, 1.8308698109921224, 1.8308698109921224, 1.8308698109921224, 8.09359038611041, 1.8308698109921224, 1.8308698109921224, 1.8308698109921224, 1.8308698109921224, 1.8308698109921224, 1.8308698109921224, 1.8308698109921224, 1.8646130213130687, 1.8690390136387232, 1.8308698109921224, 1.8308698109921224, 1.8308698109921224, 8.09359038611041, 8.09359038611041, 1.8308698109921224, 1.8308698109921224, 1.8308698109921224, 1.8308698109921224, 1.8308698109921224, 1.8308698109921224, 1.8646130213130687, 1.9028726220592547]","[[12, 13], [12, 13], [12, 13]]","[[0.0, 0.0, 0.0], [0.0, 0.0, 0.0], [0.0, 0.0, 0.0], [0.0, 0.0, 0.0], [-0.022658878554228847, -0.01719110994191763, 0.05844690720328671], [0.0, 0.0, 0.0], [0.0, 0.0, 0.0], [0.0, 0.0, 0.0], [0.0, 0.0, 0.0], [0.0, 0.0, 0.0], [0.0, 0.0, 0.0], [0.0, 0.0, 0.0], [-0.02516149886183147, 0.059829112650043405, 0.003517990127113641], [-0.020868945602787913, 0.061424162946978965, 0.004069313909107567]]","[[[0.0, 0.0, 0.0], [0.0, 0.0, 0.0], [0.0, 0.0, 0.0], [0.0, 0.0, 0.0], [-0.0, -0.0, 0.0], [0.0, 0.0, 0.0], [0.0, 0.0, 0.0], [0.0, 0.0, 0.0], [0.0, 0.0, 0.0], [0.0, 0.0, 0.0], [0.0, 0.0, 0.0], [0.0, 0.0, 0.0], [-0.025199987829059384, 0.059814441146477576, 0.003491882550978739], [-0.02087819736320024, 0.06142275462047117, 0.004043029766975109]], [[0.0, 0.0, 0.0], [0.0, 0.0, 0.0], [0.0, 0.0, 0.0], [0.0, 0.0, 0.0], [-0.0, -0.0, 0.0], [0.0, 0.0, 0.0], [0.0, 0.0, 0.0], [0.0, 0.0, 0.0], [0.0, 0.0, 0.0], [0.0, 0.0, 0.0], [0.0, 0.0, 0.0], [0.0, 0.0, 0.0], [-0.025199987829059384, 0.059814441146477576, 0.0034918825509787387], [-0.02087819736320024, 0.06142275462047117, 0.004043029766975109]], [[0.0, 0.0, 0.0], [0.0, 0.0, 0.0], [0.0, 0.0, 0.0], [0.0, 0.0, 0.0], [-0.0, -0.0, 0.0], [0.0, 0.0, 0.0], [0.0, 0.0, 0.0], [0.0, 0.0, 0.0], [0.0, 0.0, 0.0], [0.0, 0.0, 0.0], [0.0, 0.0, 0.0], [0.0, 0.0, 0.0], [-0.025199987829059384, 0.059814441146477576, 0.003491882550978739], [-0.02087819736320024, 0.06142275462047117, 0.004043029766975109]]]"
11,cross_entropy,10001000111010,10001000111010,8.176298905112754,4.349112035266775,4.402410223870378,0.0532981886036028,0.42857142857142855,0.5384615384615384,120,0,120,120,2.50354539998807,branch_recovery,False,0.9022558384761439,0.9030781952300652,0.9030781952300652,9.941543449450243,5,16.128231300011976,0.07903762454659188,0.07961333479424076,0.079682413224182,"[16, 19, 20]","[0.9030781952300652, 0.9021464079738525, 0.9021464079323357]","[9.941543449450243, 0.9022558384761439, 0.9022558384761439, 0.9022558384761439, 5.932860091042772, 0.9022558384761439, 0.9022558384761439, 0.9022558384761439, 0.9097217594506822, 0.91204371522367, 0.9153258792471376, 0.9022558384761439, 0.9061019140712202, 0.9022558384761439, 9.941543449450243, 0.9022558384761439, 0.9030781952300652, 5.932860091042772, 5.932860091042772, 0.9021464079738525, 0.9021464079323357, 0.9097217594506822, 0.9190173725913143, 0.9258002664414395, 0.9153258792471376, 0.9061019140712202, 0.9061019140712202]","[[4, 8, 9, 10, 12], [8, 9, 10, 12], [8, 9, 10, 12]]","[[-0.011034327470245507, 0.06322228581515747, 0.009805361505073194], [0.0, 0.0, 0.0], [0.0, 0.0, 0.0], [0.0, 0.0, 0.0], [-0.016569718706864318, 0.040472375285837275, 0.04808774543163506], [0.0, 0.0, 0.0], [0.0, 0.0, 0.0], [0.0, 0.0, 0.0], [-0.025825295422031054, 0.021746532981189667, -0.05554405836507494], [-0.03651590736613331, 0.02683073500947435, -0.043561111615956875], [-0.04000186280286391, 0.026955391217406567, -0.009589477045571778], [0.0, 0.0, 0.0], [-0.04586863825334313, -0.010517946963484506, 0.040186861312976635], [0.0, 0.0, 0.0]]","[[[-0.011034327470245507, 0.06322228581515747, 0.009805361505073194], [0.0, 0.0, 0.0], [0.0, 0.0, 0.0], [0.0, 0.0, 0.0], [-0.016572196653168496, 0.04047222273318826, 0.04808701992350856], [0.0, 0.0, 0.0], [0.0, 0.0, 0.0], [0.0, 0.0, 0.0], [-0.025734350398869815, 0.021679557093568426, -0.05561240881111782], [-0.036482059546070776, 0.026779699397450688, -0.04332799434753284], [-0.040169901618049224, 0.026883540213451445, -0.009577378697332304], [0.0, 0.0, 0.0], [-0.05040294431275069, -0.008955043784098038, 0.040054343028323905], [0.0, 0.0, 0.0]], [[-0.011034327470245507, 0.06322228581515747, 0.009805361505073194], [0.0, 0.0, 0.0], [0.0, 0.0, 0.0], [0.0, 0.0, 0.0], [-0.016569718706864318, 0.040472375285837275, 0.04808774543163506], [0.0, 0.0, 0.0], [0.0, 0.0, 0.0], [0.0, 0.0, 0.0], [-0.02577969699349814, 0.021722673922727823, -0.05557456846949208], [-0.03636656264902335, 0.026854216795930683, -0.043047035075326076], [-0.03982918334799766, 0.026927486737123408, -0.0095723818635847], [0.0, 0.0, 0.0], [-0.0500216186430406, -0.009567197340234796, 0.04038943430382775], [0.0, 0.0, 0.0]], [[-0.011034327470245507, 0.06322228581515747, 0.009805361505073194], [0.0, 0.0, 0.0], [0.0, 0.0, 0.0], [0.0, 0.0, 0.0], [-0.016569718706864318, 0.040472375285837275, 0.04808774543163506], [0.0, 0.0, 0.0], [0.0, 0.0, 0.0], [0.0, 0.0, 0.0], [-0.02577969719317317, 0.02172267399467625, -0.05557456834874488], [-0.036366562606692986, 0.026854216802699924, -0.04304703571944303], [-0.03982918342206708, 0.026927486740562348, -0.009572381551591489], [0.0, 0.0, 0.0], [-0.05002161855520709, -0.00956719742370462, 0.04038943439283621], [0.0, 0.0, 0.0]]]"
11,genetic,10001001111001,10001001111001,8.168819534577613,4.34367678464597,4.39693103073242,0.0532542460864498,0.5,0.46153846153846156,132,0,132,132,2.8274130999925546,branch_recovery,False,2.5371294287289694,2.6132244221136722,2.6132244221136722,34.88125005341299,14,21.070098700001836,0.09748689985749581,0.0882011857332493,0.0974868999878119,"[19, 7, 20]","[2.537129427172368, 2.6132244221136722, 2.6132244221136722]","[0.8574128261624597, 2.5371294287289694, 2.5371294287289694, 2.5371294287289694, 34.88125005341299, 2.5371294287289694, 2.5371294287289694, 2.6132244221136722, 2.597663570484225, 2.597318545379892, 2.5928882145718557, 2.5371294287289694, 2.5371294287289694, 2.5303988880945054, 0.8574128261624597, 2.5371294287289694, 2.5371294287289694, 34.88125005341299, 34.88125005341299, 2.537129427172368, 2.6132244221136722, 2.673169862693721, 2.6571948968543007, 2.653288361934082, 2.5928882145718557, 2.5371294287289694, 2.5303988880945054]","[[7, 8, 9, 10, 13], [8, 9, 10, 13], [8, 9, 10, 13]]","[[-0.011014845580506097, 0.06323812373303936, 0.009833036303073157], [0.0, 0.0, 0.0], [0.0, 0.0, 0.0], [0.0, 0.0, 0.0], [-0.013092260962619872, 0.041033327858642804, 0.048680997021617024], [0.0, 0.0, 0.0], [0.0, 0.0, 0.0], [-0.022784542698538933, 0.03197139799311443, -0.05180438473965596], [-0.028847725919478966, 0.03589059618759608, -0.045876723643947626], [-0.03275429015704195, 0.04039341275390076, -0.038993956448077155], [-0.03397134106234702, 0.04500845037653298, -0.03232935730049833], [0.0, 0.0, 0.0], [0.0, 0.0, 0.0], [-0.02459886010589781, 0.05729345675888483, -0.01836725019697053]]","[[[-0.011014845580506097, 0.06323812373303936, 0.009833036303073157], [0.0, 0.0, 0.0], [0.0, 0.0, 0.0], [0.0, 0.0, 0.0], [-0.013092260962619872, 0.041033327858642804, 0.048680997021617024], [0.0, 0.0, 0.0], [0.0, 0.0, 0.0], [-0.022784542580675013, 0.031971398171709325, -0.05180438487259534], [-0.028847725874102833, 0.03589059631548444, -0.04587672377022716], [-0.032754290190999194, 0.040393412843585566, -0.0389939565637409], [-0.03397134113156809, 0.04500845043690983, -0.032329357395899004], [0.0, 0.0, 0.0], [0.0, 0.0, 0.0], [-0.024598860223335645, 0.057293456753752615, -0.018367250226941523]], [[-0.011014845580506097, 0.06323812373303936, 0.009833036303073157], [0.0, 0.0, 0.0], [0.0, 0.0, 0.0], [0.0, 0.0, 0.0], [-0.013092260962619872, 0.041033327858642804, 0.048680997021617024], [0.0, 0.0, 0.0], [0.0, 0.0, 0.0], [-0.0, 0.0, -0.0], [-0.028847725901741804, 0.03589059630962001, -0.04587672376910542], [-0.03275429020699854, 0.040393412841012395, -0.0389939565632791], [-0.03397134113870926, 0.0450084504362872, -0.0323293573966083], [0.0, 0.0, 0.0], [0.0, 0.0, 0.0], [-0.024598860217255457, 0.05729345675400491, -0.018367250225875188]], [[-0.011014845580506097, 0.06323812373303936, 0.009833036303073157], [0.0, 0.0, 0.0], [0.0, 0.0, 0.0], [0.0, 0.0, 0.0], [-0.013092260962619872, 0.041033327858642804, 0.048680997021617024], [0.0, 0.0, 0.0], [0.0, 0.0, 0.0], [-0.0, 0.0, -0.0], [-0.028847725901741804, 0.03589059630962001, -0.04587672376910542], [-0.03275429020699854, 0.040393412841012395, -0.0389939565632791], [-0.03397134113870926, 0.0450084504362872, -0.0323293573966083], [0.0, 0.0, 0.0], [0.0, 0.0, 0.0], [-0.024598860217255457, 0.05729345675400491, -0.018367250225875188]]]"
11,true_sa,10001001111111,10001001111111,8.069940496800768,4.270204497818223,4.346151577890217,0.07594708007199458,0.6428571428571429,0.3076923076923077,120,0,120,120,2.593264299997827,branch_recovery,False,2.3540157440419165,2.4854962099527143,2.4854962099527143,34.20251992707172,11,9.769779199996265,0.12535261870771303,0.10213833310309701,0.11142404733368678,"[21, 9, 22]","[2.4854962099527143, 2.4110934511442257, 2.4687406564104992]","[0.3368865221698494, 2.3540157440419165, 2.3540157440419165, 2.3540157440419165, 34.20251992707172, 2.3540157440419165, 2.3540157440419165, 2.427685503944305, 2.4122278685527676, 2.4110934511442257, 2.405776230297819, 2.3905591560427166, 2.366967375207048, 2.3452342250430194, 0.3368865221698494, 2.3540157440419165, 2.3540157440419165, 34.20251992707172, 34.20251992707172, 2.3540157440419165, 2.427685503944305, 2.4854962099527143, 2.4687406564104992, 2.463102181310539, 2.443202951134279, 2.404486662191174, 2.358927634951103]","[[9, 10, 11, 12, 13], [10, 11, 12, 13], [10, 11, 12, 13]]","[[-0.01101936655627624, 0.06328275077405761, 0.009804728647798133], [0.0, 0.0, 0.0], [0.0, 0.0, 0.0], [0.0, 0.0, 0.0], [-0.013092260548024379, 0.0410334940375536, 0.04868095433567455], [0.0, 0.0, 0.0], [0.0, 0.0, 0.0], [-0.022784542865844217, 0.031971397258742686, -0.051804385084878016], [-0.02884772608378052, 0.03589059583266183, -0.04587672394594448], [-0.03275429036832189, 0.04039341265629897, -0.03899395667557078], [-0.033971341318841546, 0.04500845031376723, -0.03232935745408419], [-0.032743514095869126, 0.0494560513585192, -0.02658874308343194], [-0.029573762051274908, 0.0535630800387014, -0.021940580015088394], [-0.02491984838333076, 0.05718524949440706, -0.01827151867415889]]","[[[-0.01101936655627624, 0.06328275077405761, 0.009804728647798133], [0.0, 0.0, 0.0], [0.0, 0.0, 0.0], [0.0, 0.0, 0.0], [-0.013092260548024379, 0.0410334940375536, 0.04868095433567455], [0.0, 0.0, 0.0], [0.0, 0.0, 0.0], [-0.0, 0.0, -0.0], [-0.0, 0.0, -0.0], [-0.03275429031126235, 0.04039341279026365, -0.03899395669321455], [-0.033971341276502504, 0.04500845040288518, -0.03232935748386758], [-0.032743514066910714, 0.049456051406839015, -0.026588743112769462], [-0.029573762036864473, 0.05356308005226011, -0.021940580038485005], [-0.024919848391401246, 0.057185249493623594, -0.018271518690093993]], [[-0.01101936655627624, 0.06328275077405761, 0.009804728647798133], [0.0, 0.0, 0.0], [0.0, 0.0, 0.0], [0.0, 0.0, 0.0], [-0.013092260548024379, 0.0410334940375536, 0.04868095433567455], [0.0, 0.0, 0.0], [0.0, 0.0, 0.0], [-0.022784542865844217, 0.031971397258742686, -0.051804385084878016], [-0.02884772608378052, 0.03589059583266183, -0.04587672394594448], [-0.0, 0.0, -0.0], [-0.03397134127694841, 0.045008450402158416, -0.032329357483293034], [-0.032743514067373386, 0.049456051406270934, -0.026588743111997264], [-0.029573762037332127, 0.053563080051888694, -0.021940580037602898], [-0.024919848392407833, 0.05718524949361302, -0.018271518689175356]], [[-0.01101936655627624, 0.06328275077405761, 0.009804728647798133], [0.0, 0.0, 0.0], [0.0, 0.0, 0.0], [0.0, 0.0, 0.0], [-0.013092260548024379, 0.0410334940375536, 0.04868095433567455], [0.0, 0.0, 0.0], [0.0, 0.0, 0.0], [-0.022784542865844217, 0.031971397258742686, -0.051804385084878016], [-0.0, 0.0, -0.0], [-0.0, 0.0, -0.0], [-0.033971341276726755, 0.045008450402685314, -0.03232935748337479], [-0.032743514067052115, 0.04945605140679207, -0.02658874311234509], [-0.029573762036923957, 0.05356308005235243, -0.021940580038123273], [-0.024919848391320016, 0.05718524949363558, -0.018271518689797164]]]"
11,surrogate_qubo_sa,10001000111111,10001000111111,8.074506390909832,4.275822869760312,4.351688658211224,0.07586578845091285,0.5714285714285714,0.3076923076923077,48,72,120,120,1.0366344999929424,branch_recovery,False,2.6497101951346926,2.777018929496402,2.777018929496402,33.84720219712938,11,9.641693400015356,0.11142403839032075,0.09285260990052378,0.0974954670483499,"[21, 9, 22]","[2.713272792000434, 2.7139444032896867, 2.777018929496402]","[3.3695093183820517, 2.6497101951346926, 2.6497101951346926, 2.6497101951346926, 33.84720219712938, 2.6497101951346926, 2.6497101951346926, 2.6497101951346926, 2.7132727927024463, 2.7139444032896867, 2.7094310149125023, 2.693606148478514, 2.6674579053812684, 2.6432608059445637, 3.3695093183820517, 2.6497101951346926, 2.6497101951346926, 33.84720219712938, 33.84720219712938, 2.6497101951346926, 2.6497101951346926, 2.713272792000434, 2.777018929496402, 2.774089906246552, 2.7544179925218284, 2.712449129450223, 2.661740978986637]","[[9, 10, 11, 12, 13], [10, 11, 12, 13], [10, 11, 12, 13]]","[[-0.011019449831491963, 0.06328267579123678, 0.009804842573376202], [0.0, 0.0, 0.0], [0.0, 0.0, 0.0], [0.0, 0.0, 0.0], [-0.013092260546958742, 0.041033494103512654, 0.04868095407258745], [0.0, 0.0, 0.0], [0.0, 0.0, 0.0], [0.0, 0.0, 0.0], [-0.028684657803802124, 0.03593009114288222, -0.04594800242334972], [-0.03235538609795446, 0.04048976458877179, -0.039226367853404345], [-0.03344578081658132, 0.045127594265735226, -0.03270901963650172], [-0.032167477289325105, 0.04957564446501775, -0.027064901088251634], [-0.028986746076668034, 0.053666453787772773, -0.022465090390820928], [-0.024339464206084183, 0.05726005861113153, -0.018811596632243823]]","[[[-0.011019449831491963, 0.06328267579123678, 0.009804842573376202], [0.0, 0.0, 0.0], [0.0, 0.0, 0.0], [0.0, 0.0, 0.0], [-0.013092260546958742, 0.041033494103512654, 0.04868095407258745], [0.0, 0.0, 0.0], [0.0, 0.0, 0.0], [0.0, 0.0, 0.0], [-0.0, 0.0, -0.0], [-0.03235538604010916, 0.04048976472122361, -0.03922636787065979], [-0.033445780773457216, 0.04512759435325969, -0.03270901966590737], [-0.032167477259844174, 0.0495756445119691, -0.02706490111739826], [-0.028986746062117586, 0.05366645380043631, -0.022465090414120818], [-0.024339464214573336, 0.05726005861033952, -0.018811596648044885]], [[-0.011019449831491963, 0.06328267579123678, 0.009804842573376202], [0.0, 0.0, 0.0], [0.0, 0.0, 0.0], [0.0, 0.0, 0.0], [-0.013092260546958742, 0.041033494103512654, 0.04868095407258745], [0.0, 0.0, 0.0], [0.0, 0.0, 0.0], [0.0, 0.0, 0.0], [-0.028684657803802124, 0.03593009114288222, -0.04594800242334972], [-0.0, 0.0, -0.0], [-0.03344578077358819, 0.045127594353109125, -0.03270901966567707], [-0.032167477259940916, 0.049575644511889054, -0.027064901117193597], [-0.02898674606217926, 0.053666453800434014, -0.022465090413931545], [-0.024339464214613565, 0.05726005861034309, -0.01881159664787833]], [[-0.011019449831491963, 0.06328267579123678, 0.009804842573376202], [0.0, 0.0, 0.0], [0.0, 0.0, 0.0], [0.0, 0.0, 0.0], [-0.013092260546958742, 0.041033494103512654, 0.04868095407258745], [0.0, 0.0, 0.0], [0.0, 0.0, 0.0], [0.0, 0.0, 0.0], [-0.0, 0.0, -0.0], [-0.0, 0.0, -0.0], [-0.03344578077336447, 0.045127594353628536, -0.032709019665749475], [-0.0321674772596144, 0.049575644512397286, -0.027064901117533808], [-0.028986746061763536, 0.0536664538008804, -0.022465090414448243], [-0.02433946421352871, 0.057260058610364144, -0.018811596648501083]]]"
11,qaoa_statevector,10001011011111,10001011011111,8.101349367293658,4.2837841882861305,4.359825980481991,0.07604179219586094,0.6428571428571429,0.46153846153846156,48,72,120,120,1.056698200001847,branch_recovery,False,2.2896150241973183,2.5289524482825194,2.5289524482825194,34.08539208013697,3,9.277345600014087,0.12535261615096313,0.1067811876911423,0.11142404477733996,"[20, 9, 22]","[2.5289524482825194, 2.3442546287088506, 2.3442546287088506]","[4.580292498258442, 2.2896150241973183, 2.2896150241973183, 2.2896150241973183, 34.08539208013697, 2.2896150241973183, 2.4559057001502045, 2.3609187713860633, 2.2896150241973183, 2.3442546287088506, 2.3394284306753566, 2.3247385350202157, 2.301939030158292, 2.2807292571610898, 4.580292498258442, 2.2896150241973183, 2.2896150241973183, 34.08539208013697, 34.08539208013697, 2.4559057001502045, 2.5289524482825194, 2.3609187713860633, 2.3442546287088506, 2.394196112157015, 2.375332172485283, 2.3379834586963018, 2.293792850685419]","[[9, 10, 11, 12, 13], [10, 11, 12, 13], [10, 11, 12, 13]]","[[-0.01101938984339618, 0.06328272987030036, 0.009804760273800854], [0.0, 0.0, 0.0], [0.0, 0.0, 0.0], [0.0, 0.0, 0.0], [-0.013092260546082717, 0.0410334940524398, 0.048680954277300896], [0.0, 0.0, 0.0], [-0.01574741439776984, 0.029159877986276218, -0.05591708496957435], [-0.022962882952534645, 0.031944405046286685, -0.051742254909157175], [0.0, 0.0, 0.0], [-0.03320250791527697, 0.040380726152926406, -0.03862629161644971], [-0.03423898255489517, 0.04507201471998398, -0.03195630683691435], [-0.03285676059576809, 0.04955784132004854, -0.026257449170198954], [-0.029569597008770612, 0.05367765051767956, -0.021664458547296123], [-0.024830556503351284, 0.05729513324726814, -0.018047469844565848]]","[[[-0.01101938984339618, 0.06328272987030036, 0.009804760273800854], [0.0, 0.0, 0.0], [0.0, 0.0, 0.0], [0.0, 0.0, 0.0], [-0.013092260546082717, 0.0410334940524398, 0.048680954277300896], [0.0, 0.0, 0.0], [-0.0, 0.0, -0.0], [-0.0, 0.0, -0.0], [0.0, 0.0, 0.0], [-0.03320250785915503, 0.04038072628758195, -0.03862629163523791], [-0.03423898251308503, 0.04507201480944234, -0.03195630686696964], [-0.03285676056706867, 0.049557841368435634, -0.026257449199407392], [-0.029569596994527797, 0.053677650531154766, -0.021664458570465818], [-0.024830556511895762, 0.057295133246490666, -0.0180474698603019]], [[-0.01101938984339618, 0.06328272987030036, 0.009804760273800854], [0.0, 0.0, 0.0], [0.0, 0.0, 0.0], [0.0, 0.0, 0.0], [-0.013092260546082717, 0.0410334940524398, 0.048680954277300896], [0.0, 0.0, 0.0], [-0.01574741439776984, 0.029159877986276218, -0.05591708496957435], [-0.022962882952534645, 0.031944405046286685, -0.051742254909157175], [0.0, 0.0, 0.0], [-0.0, 0.0, -0.0], [-0.03423898251365105, 0.04507201480877876, -0.03195630686588264], [-0.03285676056755477, 0.04955784136805832, -0.026257449198247764], [-0.029569596994926863, 0.0536776505310571, -0.021664458569310163], [-0.02483055651252398, 0.05729513324649947, -0.018047469859201443]], [[-0.01101938984339618, 0.06328272987030036, 0.009804760273800854], [0.0, 0.0, 0.0], [0.0, 0.0, 0.0], [0.0, 0.0, 0.0], [-0.013092260546082717, 0.0410334940524398, 0.048680954277300896], [0.0, 0.0, 0.0], [-0.01574741439776984, 0.029159877986276218, -0.05591708496957435], [-0.022962882952534645, 0.031944405046286685, -0.051742254909157175], [0.0, 0.0, 0.0], [-0.0, 0.0, -0.0], [-0.03423898251365105, 0.04507201480877876, -0.03195630686588264], [-0.03285676056755477, 0.04955784136805832, -0.026257449198247764], [-0.029569596994926863, 0.0536776505310571, -0.021664458569310163], [-0.02483055651252398, 0.05729513324649947, -0.018047469859201443]]]"
11,all_windows_continuous,11111111111111,11111111111111,30.957799355513743,13.080260349527446,17.85120157016171,4.770941220634263,1.0,0.0,31,0,31,31,163.88791640001,branch_recovery,False,1.6382647336955458,2.2746438889668896,2.2746438889668896,23.78622484628824,31,163.88791640001,0.19127826041355336,0.17068119999414577,0.18022378746445322,"[19, 17, 3]","[0.6768629620180535, 1.6675171546653966, 2.2746438889668896]","[4.891097599548368, 7.213031148902511, 12.534764020716871, 2.2746438889668896, 0.7689769136169124, 1.1299418432108697, 1.350637856335653, 1.468795997449326, 1.5422744469728598, 1.5901965344690197, 1.6217083556618708, 1.6420465475986397, 1.6543674773449806, 1.6605207870754226, 11.371075111575125, 23.78622484628824, 11.663250916536024, 1.6675171546653966, 2.2667583594971803, 0.6768629620180535, 1.0724373476434588, 1.3457632996507476, 1.488346581874127, 1.5733789263602638, 1.6262933473872725, 1.6588800260853518, 1.677224410808255]","[[7, 8, 9, 10, 11, 12, 13], [5, 6, 7, 8, 9, 10, 11, 12, 13], [4, 5, 6, 7, 8, 9, 10, 11, 12, 13]]","[[-0.0054085656739020285, 0.06341639626415142, 0.0022934011561586004], [-0.004683632304202199, 0.0645041750033881, -0.00549750540324843], [-0.0036153419914879237, 0.06204718819076333, -0.016900172249020053], [0.004432494894590877, 0.031856825939602575, -0.04843499401674035], [-0.013868163883572317, 0.061994552361489014, 0.013760432696575245], [-0.005130028355731616, 0.01676132224948782, -0.05901238280126053], [-0.00226066529124171, 0.018041672440111373, -0.06008072960829143], [-0.00015799784133547313, 0.01857716663143936, -0.06081572100151025], [0.001779187015752208, 0.018690185074801004, -0.06135962261312986], [0.003686607872180785, 0.018471517159469035, -0.06176537350854621], [0.005578112739839521, 0.017913059650176526, -0.06206897432726218], [0.007430200826613585, 0.017036462382594184, -0.06228458875593189], [0.009196376830830062, 0.015885520140421328, -0.06235444573607915], [0.010818226597542157, 0.01446210820515215, -0.06242064714395158]]","[[[-0.0054085656739020285, 0.06341639626415142, 0.0022934011561586004], [-0.004683632304202199, 0.0645041750033881, -0.00549750540324843], [-0.0036153419914879237, 0.06204718819076333, -0.016900172249020053], [0.004432494894590877, 0.031856825939602575, -0.04843499401674035], [-0.013868163883572317, 0.061994552361489014, 0.013760432696575245], [-0.0, 0.0, -0.0], [-0.0, 0.0, -0.0], [0.0017673076338635219, 0.019638630381008444, -0.061918570271648245], [0.0033156200617863525, 0.019039162491017038, -0.0620605909998167], [0.004815105106437131, 0.01832657606351771, -0.06214117447601217], [0.006311923648081637, 0.017514235805742854, -0.06215465617931194], [0.007831886472749868, 0.016626476724454158, -0.062116555895744587], [0.009359702574509021, 0.015579722030884981, -0.06220655724364967], [0.010848716344576424, 0.014271781406295909, -0.06240117717714605]], [[-0.0054085656739020285, 0.06341639626415142, 0.0022934011561586004], [-0.004683632304202199, 0.0645041750033881, -0.00549750540324843], [-0.0036153419914879237, 0.06204718819076333, -0.016900172249020053], [0.0, 0.0, -0.0], [-0.0, 0.0, 0.0], [-0.004402918824214773, 0.019072937677650337, -0.061982556854100826], [-0.001461748058079384, 0.019492137429690234, -0.06199128867056056], [0.0005968647415797558, 0.01943640975065763, -0.0620231386539314], [0.002438203356148958, 0.019148767715650834, -0.062067542720540436], [0.004222358621385421, 0.018638177438241033, -0.062127208447290264], [0.005974161111759358, 0.01788952050906763, -0.062203492305226656], [0.007682158507201276, 0.016964483044985212, -0.062275121482712865], [0.009330987716482187, 0.01578117249174272, -0.062360943410284635], [0.010861044423643253, 0.014356419037627058, -0.06245743307600551]], [[-0.0054085656739020285, 0.06341639626415142, 0.0022934011561586004], [-0.004683632304202199, 0.0645041750033881, -0.00549750540324843], [-0.0036153419914879237, 0.06204718819076333, -0.016900172249020053], [0.0, 0.0, -0.0], [-0.014316622980519644, 0.06080125714500191, 0.013801629283220668], [-0.004322001922531773, 0.018857929267132593, -0.06164253003522987], [-0.0014221345689621558, 0.019303502428183877, -0.06179119298813336], [0.0005899851731002501, 0.019285008996652652, -0.06191574028333337], [0.0023911513023892597, 0.0190264881087064, -0.06203020586972738], [0.0041503288496359935, 0.018562700811403387, -0.06213412388221889], [0.005897661262613644, 0.017874656229200283, -0.06221506454484619], [0.00761892803559564, 0.016962946629868362, -0.06223211720828262], [0.009274929729896731, 0.015819830131391585, -0.062359511328420394], [0.010819702355405608, 0.01441241242669429, -0.062451712618496684]]]"
23,random,10001001000011,10001001000011,8.243532911635269,4.37296138605582,4.449048086340845,0.07608670028502473,0.35714285714285715,0.46153846153846156,120,0,120,120,2.127705099992454,branch_recovery,False,0.6375275206614041,0.6263690622070395,0.6263690622070395,46.30621708664096,15,22.115048899984686,0.0625690346236897,0.06071751577299348,0.06071752855123627,"[3, 15, 16]","[0.6263686785306787, 0.6263688410787983, 0.6263690622070395]","[3.7662351322794114, 0.6375275206614041, 0.6375275206614041, 0.6263686785306787, 46.30621708664096, 0.6375275206614041, 0.6375275206614041, 0.6527229760827467, 0.6375275206614041, 0.6375275206614041, 0.6375275206614041, 0.6375275206614041, 0.671574177066496, 0.6500759706355453, 3.7662351322794114, 0.6263688410787983, 0.6263690622070395, 46.30621708664096, 46.30621708664096, 0.6375275206614041, 0.6527229760827467, 0.6527229760827467, 0.6375275206614041, 0.6375275206614041, 0.6375275206614041, 0.671574177066496, 0.6840935280635307]","[[4, 7, 12, 13], [4, 7, 12, 13], [4, 7, 12, 13]]","[[-0.010834057113137022, 0.06321240974896487, 0.00999988117301433], [0.0, 0.0, 0.0], [0.0, 0.0, 0.0], [0.0, 0.0, 0.0], [-0.013513164901737656, 0.03779484610566365, 0.051126744294817436], [0.0, 0.0, 0.0], [0.0, 0.0, 0.0], [-0.02985193321923777, 0.004101199166138799, 0.011007052996911926], [0.0, 0.0, 0.0], [0.0, 0.0, 0.0], [0.0, 0.0, 0.0], [0.0, 0.0, 0.0], [0.009057658865395314, 0.05205626045537841, -0.03785636753942371], [0.0013095706574597994, 0.052582203249481665, 0.03818896340728981]]","[[[-0.010834057113137022, 0.06321240974896487, 0.00999988117301433], [0.0, 0.0, 0.0], [0.0, 0.0, 0.0], [0.0, 0.0, 0.0], [-0.013502731640100515, 0.03779688022905592, 0.05112799705842026], [0.0, 0.0, 0.0], [0.0, 0.0, 0.0], [-0.02664305164125435, 0.0028728553737122735, 5.006154358893003e-05], [0.0, 0.0, 0.0], [0.0, 0.0, 0.0], [0.0, 0.0, 0.0], [0.0, 0.0, 0.0], [0.0005724401077898743, 0.05661922665294477, -0.03192076887459735], [-0.005424285481489515, 0.06131947954692035, 0.003194733116974195]], [[-0.010834057113137022, 0.06321240974896487, 0.00999988117301433], [0.0, 0.0, 0.0], [0.0, 0.0, 0.0], [0.0, 0.0, 0.0], [-0.013502731812376063, 0.03779688020008029, 0.05112799703434339], [0.0, 0.0, 0.0], [0.0, 0.0, 0.0], [-0.026643098020334915, 0.0028728752607342215, 5.025067710794813e-05], [0.0, 0.0, 0.0], [0.0, 0.0, 0.0], [0.0, 0.0, 0.0], [0.0, 0.0, 0.0], [0.0005725184566165827, 0.05661923093286502, -0.03192075987798118], [-0.005424233329911959, 0.06131945963238857, 0.0031955234590723696]], [[-0.010834057113137022, 0.06321240974896487, 0.00999988117301433], [0.0, 0.0, 0.0], [0.0, 0.0, 0.0], [0.0, 0.0, 0.0], [-0.013502731532928214, 0.03779688025213323, 0.051127997069663964], [0.0, 0.0, 0.0], [0.0, 0.0, 0.0], [-0.02664313824522124, 0.0028728922910430683, 5.028669620918903e-05], [0.0, 0.0, 0.0], [0.0, 0.0, 0.0], [0.0, 0.0, 0.0], [0.0, 0.0, 0.0], [0.0005725912408348073, 0.05661922457294657, -0.03192076985332846], [-0.005424190031575175, 0.06131944253335358, 0.003196213944314197]]]"
23,cross_entropy,10001001011110,10001001011110,8.15988301325931,4.321831247496809,4.395371778819489,0.07354053132267957,0.5,0.5384615384615384,120,0,120,120,2.144636700017145,branch_recovery,False,0.8901654506018069,0.9001211562150923,0.9001211562150923,6.650199573980579,12,14.262478999997256,0.09020336882448364,0.07621740703435621,0.07621740714284209,"[7, 20, 21]","[0.9001211562150923, 0.900121155862067, 0.9001211560765916]","[6.650199573980579, 0.8901654506018069, 0.8901654506018069, 0.8901654506018069, 5.8991227048376365, 0.8901654506018069, 0.8901654506018069, 0.9001211562150923, 0.8901654506018069, 0.8995158382079728, 0.9024413580807364, 0.9039582795904679, 0.8923381373877116, 0.8901654506018069, 6.650199573980579, 0.8901654506018069, 0.8901654506018069, 5.8991227048376365, 5.8991227048376365, 0.8901654506018069, 0.900121155862067, 0.9001211560765916, 0.8995158382079728, 0.9124776598192835, 0.9171899474999748, 0.9072125528152257, 0.8923381373877116]","[[9, 10, 11, 12], [9, 10, 11, 12], [9, 10, 11, 12]]","[[-0.011033532319939992, 0.06322269521008626, 0.009805754600980885], [0.0, 0.0, 0.0], [0.0, 0.0, 0.0], [0.0, 0.0, 0.0], [-0.01658296298863712, 0.04047445916796782, 0.0480814256608308], [0.0, 0.0, 0.0], [0.0, 0.0, 0.0], [-0.021977427871374255, 0.024229658354779898, -0.05580457105142661], [0.0, 0.0, 0.0], [-0.03659731851451283, 0.026803680692106854, -0.04351599513282729], [-0.040126420695104845, 0.02697322093263186, -0.011087564415604156], [-0.04333555135778867, 0.022758310276616244, 0.013895195237578786], [-0.04800760114563168, -0.010880618177095357, 0.03930673134592991], [0.0, 0.0, 0.0]]","[[[-0.011033532319939992, 0.06322269521008626, 0.009805754600980885], [0.0, 0.0, 0.0], [0.0, 0.0, 0.0], [0.0, 0.0, 0.0], [-0.01658296298863712, 0.04047445916796782, 0.0480814256608308], [0.0, 0.0, 0.0], [0.0, 0.0, 0.0], [-0.0, 0.0, -0.0], [0.0, 0.0, 0.0], [-0.036168185298726, 0.026972635859612886, -0.04265660096982597], [-0.039259454274803665, 0.027109640856084798, -0.011475144538351908], [-0.04198708546133356, 0.022832948400887707, 0.013251699617847838], [-0.050402740373515914, -0.010615734434342747, 0.03964681507081571], [0.0, 0.0, 0.0]], [[-0.011033532319939992, 0.06322269521008626, 0.009805754600980885], [0.0, 0.0, 0.0], [0.0, 0.0, 0.0], [0.0, 0.0, 0.0], [-0.01658296298863712, 0.04047445916796782, 0.0480814256608308], [0.0, 0.0, 0.0], [0.0, 0.0, 0.0], [-0.0, 0.0, -0.0], [0.0, 0.0, 0.0], [-0.03616818546355993, 0.026972635886197964, -0.04265660139276566], [-0.039259454484370786, 0.02710964092719798, -0.011475144652742828], [-0.04198708576521862, 0.022832948427922738, 0.013251700662399384], [-0.05040274014045527, -0.010615734436490096, 0.039646815366529226], [0.0, 0.0, 0.0]], [[-0.011033532319939992, 0.06322269521008626, 0.009805754600980885], [0.0, 0.0, 0.0], [0.0, 0.0, 0.0], [0.0, 0.0, 0.0], [-0.01658296298863712, 0.04047445916796782, 0.0480814256608308], [0.0, 0.0, 0.0], [0.0, 0.0, 0.0], [-0.0, 0.0, -0.0], [0.0, 0.0, 0.0], [-0.03616818552682177, 0.026972635884779498, -0.04265660094563685], [-0.03925945457166781, 0.027109640907220428, -0.011475145189258473], [-0.04198708542019873, 0.022832948453791375, 0.013251700769711784], [-0.050402740487954255, -0.010615734473397509, 0.03964681491487377], [0.0, 0.0, 0.0]]]"
23,genetic,10001011111111,10001011111111,8.075657722368854,4.270111288609216,4.346183637888684,0.07607234927946838,0.7142857142857143,0.3076923076923077,132,0,132,132,2.386865900014527,branch_recovery,False,2.1612134759321338,2.2863395560288167,2.2863395560288167,34.45823995168255,3,8.847574599989457,0.13928119912252565,0.1160669135186586,0.12535262774916736,"[21, 9, 22]","[2.2863395560288167, 2.2133139294486255, 2.2666771615876757]","[4.495239960909402, 2.1612134759321338, 2.1612134759321338, 2.1612134759321338, 34.45823995168255, 2.1612134759321338, 2.3354584018934745, 2.2327048411758463, 2.215204274257335, 2.2133139294486255, 2.207771918968422, 2.1931825157443323, 2.1713175037931425, 2.1511748164006526, 4.495239960909402, 2.1612134759321338, 2.1612134759321338, 34.45823995168255, 34.45823995168255, 2.3354584018934745, 2.4085959579540677, 2.2863395560288167, 2.2666771615876757, 2.260010935136371, 2.240506940673182, 2.204203031050424, 2.16203710698255]","[[9, 10, 11, 12, 13], [10, 11, 12, 13], [10, 11, 12, 13]]","[[-0.011019281944247353, 0.06328282699789509, 0.00980461277024629], [0.0, 0.0, 0.0], [0.0, 0.0, 0.0], [0.0, 0.0, 0.0], [-0.013092260545197253, 0.04103349396870096, 0.04868095461262384], [0.0, 0.0, 0.0], [-0.015747414515750215, 0.02915987760899389, -0.05591708498242576], [-0.022962882950517363, 0.031944405047334326, -0.051742254909351054], [-0.029301087399648065, 0.035832871706284235, -0.04563388600322851], [-0.03334772783882515, 0.040329884079347234, -0.03855424073461959], [-0.03459137816082137, 0.04494694042093014, -0.031752308382112904], [-0.0333336037490797, 0.04940249059025969, -0.025947346195028705], [-0.030117651396868568, 0.05352385827018398, -0.02128670163933692], [-0.02541879957027295, 0.057165940601523677, -0.017633486932913698]]","[[[-0.011019281944247353, 0.06328282699789509, 0.00980461277024629], [0.0, 0.0, 0.0], [0.0, 0.0, 0.0], [0.0, 0.0, 0.0], [-0.013092260545197253, 0.04103349396870096, 0.04868095461262384], [0.0, 0.0, 0.0], [-0.015747414515750215, 0.02915987760899389, -0.05591708498242576], [-0.0, 0.0, -0.0], [-0.0, 0.0, -0.0], [-0.03334772778336755, 0.04032988421425768, -0.03855424075280925], [-0.03459137811987804, 0.044946940511112504, -0.03175230841169448], [-0.03333360372112468, 0.049402490639492536, -0.02594734622365295], [-0.030117651383037684, 0.053523858284331774, -0.02128670166184538], [-0.02541879957890364, 0.05716594060074934, -0.01763348694802243]], [[-0.011019281944247353, 0.06328282699789509, 0.00980461277024629], [0.0, 0.0, 0.0], [0.0, 0.0, 0.0], [0.0, 0.0, 0.0], [-0.013092260545197253, 0.04103349396870096, 0.04868095461262384], [0.0, 0.0, 0.0], [-0.015747414515750215, 0.02915987760899389, -0.05591708498242576], [-0.022962882950517363, 0.031944405047334326, -0.051742254909351054], [-0.029301087399648065, 0.035832871706284235, -0.04563388600322851], [-0.0, 0.0, -0.0], [-0.03459137812031495, 0.044946940510368655, -0.03175230841110679], [-0.03333360372157703, 0.04940249063890336, -0.025947346222875964], [-0.03011765138349519, 0.053523858283937444, -0.021286701660966134], [-0.02541879957990778, 0.05716594060073728, -0.017633486947112156]], [[-0.011019281944247353, 0.06328282699789509, 0.00980461277024629], [0.0, 0.0, 0.0], [0.0, 0.0, 0.0], [0.0, 0.0, 0.0], [-0.013092260545197253, 0.04103349396870096, 0.04868095461262384], [0.0, 0.0, 0.0], [-0.015747414515750215, 0.02915987760899389, -0.05591708498242576], [-0.022962882950517363, 0.031944405047334326, -0.051742254909351054], [-0.0, 0.0, -0.0], [-0.0, 0.0, -0.0], [-0.03459137812009771, 0.0449469405109015, -0.0317523084111959], [-0.03333360372126265, 0.04940249063943748, -0.025947346223227225], [-0.03011765138309493, 0.05352385828441953, -0.021286701661484383], [-0.02541879957881756, 0.05716594060076129, -0.017633486947726977]]]"
23,true_sa,10001001111111,10001001111111,8.069940496800768,4.270204497818223,4.346151577890217,0.07594708007199458,0.6428571428571429,0.3076923076923077,120,0,120,120,2.153816400008509,branch_recovery,False,2.3540157440419165,2.4854962099527143,2.4854962099527143,34.20251992707172,11,8.78173820002121,0.12535261870771303,0.10213833310309701,0.11142404733368678,"[21, 9, 22]","[2.4854962099527143, 2.4110934511442257, 2.4687406564104992]","[0.3368865221698494, 2.3540157440419165, 2.3540157440419165, 2.3540157440419165, 34.20251992707172, 2.3540157440419165, 2.3540157440419165, 2.427685503944305, 2.4122278685527676, 2.4110934511442257, 2.405776230297819, 2.3905591560427166, 2.366967375207048, 2.3452342250430194, 0.3368865221698494, 2.3540157440419165, 2.3540157440419165, 34.20251992707172, 34.20251992707172, 2.3540157440419165, 2.427685503944305, 2.4854962099527143, 2.4687406564104992, 2.463102181310539, 2.443202951134279, 2.404486662191174, 2.358927634951103]","[[9, 10, 11, 12, 13], [10, 11, 12, 13], [10, 11, 12, 13]]","[[-0.01101936655627624, 0.06328275077405761, 0.009804728647798133], [0.0, 0.0, 0.0], [0.0, 0.0, 0.0], [0.0, 0.0, 0.0], [-0.013092260548024379, 0.0410334940375536, 0.04868095433567455], [0.0, 0.0, 0.0], [0.0, 0.0, 0.0], [-0.022784542865844217, 0.031971397258742686, -0.051804385084878016], [-0.02884772608378052, 0.03589059583266183, -0.04587672394594448], [-0.03275429036832189, 0.04039341265629897, -0.03899395667557078], [-0.033971341318841546, 0.04500845031376723, -0.03232935745408419], [-0.032743514095869126, 0.0494560513585192, -0.02658874308343194], [-0.029573762051274908, 0.0535630800387014, -0.021940580015088394], [-0.02491984838333076, 0.05718524949440706, -0.01827151867415889]]","[[[-0.01101936655627624, 0.06328275077405761, 0.009804728647798133], [0.0, 0.0, 0.0], [0.0, 0.0, 0.0], [0.0, 0.0, 0.0], [-0.013092260548024379, 0.0410334940375536, 0.04868095433567455], [0.0, 0.0, 0.0], [0.0, 0.0, 0.0], [-0.0, 0.0, -0.0], [-0.0, 0.0, -0.0], [-0.03275429031126235, 0.04039341279026365, -0.03899395669321455], [-0.033971341276502504, 0.04500845040288518, -0.03232935748386758], [-0.032743514066910714, 0.049456051406839015, -0.026588743112769462], [-0.029573762036864473, 0.05356308005226011, -0.021940580038485005], [-0.024919848391401246, 0.057185249493623594, -0.018271518690093993]], [[-0.01101936655627624, 0.06328275077405761, 0.009804728647798133], [0.0, 0.0, 0.0], [0.0, 0.0, 0.0], [0.0, 0.0, 0.0], [-0.013092260548024379, 0.0410334940375536, 0.04868095433567455], [0.0, 0.0, 0.0], [0.0, 0.0, 0.0], [-0.022784542865844217, 0.031971397258742686, -0.051804385084878016], [-0.02884772608378052, 0.03589059583266183, -0.04587672394594448], [-0.0, 0.0, -0.0], [-0.03397134127694841, 0.045008450402158416, -0.032329357483293034], [-0.032743514067373386, 0.049456051406270934, -0.026588743111997264], [-0.029573762037332127, 0.053563080051888694, -0.021940580037602898], [-0.024919848392407833, 0.05718524949361302, -0.018271518689175356]], [[-0.01101936655627624, 0.06328275077405761, 0.009804728647798133], [0.0, 0.0, 0.0], [0.0, 0.0, 0.0], [0.0, 0.0, 0.0], [-0.013092260548024379, 0.0410334940375536, 0.04868095433567455], [0.0, 0.0, 0.0], [0.0, 0.0, 0.0], [-0.022784542865844217, 0.031971397258742686, -0.051804385084878016], [-0.0, 0.0, -0.0], [-0.0, 0.0, -0.0], [-0.033971341276726755, 0.045008450402685314, -0.03232935748337479], [-0.032743514067052115, 0.04945605140679207, -0.02658874311234509], [-0.029573762036923957, 0.05356308005235243, -0.021940580038123273], [-0.024919848391320016, 0.05718524949363558, -0.018271518689797164]]]"
23,surrogate_qubo_sa,10001111101111,10001111101111,10.27491723317421,4.291594126856127,5.910178090456002,1.6185839635998747,0.7142857142857143,0.3076923076923077,43,72,115,115,0.790443999983836,branch_recovery,False,5.218489073158298,8.340550433317157,8.340550433317157,17.58501193079917,7,34.263532100012526,0.13927482634028882,0.12071023833715278,0.1253565151561535,"[21, 0, 14]","[5.22607426692051, 8.340550433317157, 8.340550433317157]","[8.340550433317157, 5.218489073158298, 5.218489073158298, 5.218489073158298, 6.428692830324494, 3.835383456573465, 5.239153400880769, 5.227328669632154, 5.215354647797223, 5.218489073158298, 5.202190073081963, 5.207509146199451, 5.217812776912664, 5.228962084436352, 8.340550433317157, 5.218489073158298, 5.218489073158298, 6.428692830324494, 17.58501193079917, 3.952336970559313, 5.24932236388835, 5.22607426692051, 5.215354647797223, 5.202190073081963, 5.192115353739283, 5.207351591673522, 5.2286273612684875]","[[10, 11, 12, 13], [4, 5, 6, 7, 8, 10, 11, 12, 13], [4, 5, 6, 7, 8, 10, 11, 12, 13]]","[[-0.011007678966968538, 0.06325242036826427, 0.009817600788798037], [0.0, 0.0, 0.0], [0.0, 0.0, 0.0], [0.0, 0.0, 0.0], [-0.013092209120690399, 0.04103327652866007, 0.04868100381994853], [-0.008502046308168277, 0.026483841613855877, -0.058747947555178114], [-0.015928698776456755, 0.029166052828993955, -0.055862487920402666], [-0.023448649456298983, 0.03196692172791801, -0.051509965602463646], [-0.029955972917094644, 0.03588464881594317, -0.045165601134319985], [0.0, 0.0, 0.0], [-0.03506438950852409, 0.04506750079604099, -0.03105493100443997], [-0.033526256510128416, 0.04959251834641712, -0.025329271629052373], [-0.030100164342811955, 0.05373615581766173, -0.020770301493327342], [-0.025250896411260923, 0.0573685257729989, -0.017211748223463372]]","[[[-0.011007678966968538, 0.06325242036826427, 0.009817600788798037], [0.0, 0.0, 0.0], [0.0, 0.0, 0.0], [0.0, 0.0, 0.0], [-0.013092209120690399, 0.04103327652866007, 0.04868100381994853], [-0.008502046308168277, 0.026483841613855877, -0.058747947555178114], [-0.015928698776456755, 0.029166052828993955, -0.055862487920402666], [-0.0, 0.0, -0.0], [-0.0, 0.0, -0.0], [0.0, 0.0, 0.0], [-0.035064389341373736, 0.0450675022420503, -0.03105493064622275], [-0.03352625614530134, 0.049592519876091055, -0.025329271267217294], [-0.030100163797581323, 0.053736157237229375, -0.020770301152332908], [-0.0252508957257253, 0.05736852694490003, -0.017211747913465556]], [[-0.0, 0.0, 0.0], [0.0, 0.0, 0.0], [0.0, 0.0, 0.0], [0.0, 0.0, 0.0], [-0.013092624382319881, 0.041029122646525154, 0.0486819043275399], [-0.008502181584580088, 0.026483571687132328, -0.058747101133916305], [-0.015928724999473613, 0.029166022351744533, -0.05586248230592135], [-0.023448654969015256, 0.031966916870449, -0.05150996525803459], [-0.029955976738763657, 0.03588464520954398, -0.045165600167986625], [0.0, 0.0, 0.0], [-0.03506439035171709, 0.04506750181255884, -0.03105492879101337], [-0.03352625652421642, 0.04959252068508638, -0.025329269496077396], [-0.03010016351866556, 0.05373615888211689, -0.020770299616535415], [-0.025250894577051854, 0.0573685284840626, -0.017211746678988095]], [[-0.0, 0.0, 0.0], [0.0, 0.0, 0.0], [0.0, 0.0, 0.0], [0.0, 0.0, 0.0], [-0.013092624382319881, 0.041029122646525154, 0.0486819043275399], [-0.008502181584580088, 0.026483571687132328, -0.058747101133916305], [-0.015928724999473613, 0.029166022351744533, -0.05586248230592135], [-0.023448654969015256, 0.031966916870449, -0.05150996525803459], [-0.029955976738763657, 0.03588464520954398, -0.045165600167986625], [0.0, 0.0, 0.0], [-0.03506439035171709, 0.04506750181255884, -0.03105492879101337], [-0.03352625652421642, 0.04959252068508638, -0.025329269496077396], [-0.03010016351866556, 0.05373615888211689, -0.020770299616535415], [-0.025250894577051854, 0.0573685284840626, -0.017211746678988095]]]"
23,qaoa_statevector,10001011101111,10001011101111,8.118000913391011,4.292747768865202,4.368838791079686,0.07609102221448438,0.6428571428571429,0.46153846153846156,48,72,120,120,0.948496700002579,branch_recovery,False,2.426247591767837,2.557332254480264,2.557332254480264,33.87849790721367,3,7.912548099993728,0.12535261126490313,0.1067811827762493,0.11142403989174807,"[8, 22, 21]","[2.4851648612601425, 2.4851648612601425, 2.557332254480264]","[4.5894655109910785, 2.426247591767837, 2.426247591767837, 2.426247591767837, 33.87849790721367, 2.426247591767837, 2.5857647090145925, 2.498857367910994, 2.4851648612601425, 2.426247591767837, 2.480167784844004, 2.4650497663061994, 2.440951696018205, 2.418552519315674, 4.5894655109910785, 2.426247591767837, 2.426247591767837, 33.87849790721367, 33.87849790721367, 2.5857647090145925, 2.66005794515508, 2.557332254480264, 2.4851648612601425, 2.480167784844004, 2.519848994805624, 2.4807254368835996, 2.4339889471870433]","[[10, 11, 12, 13], [10, 11, 12, 13], [10, 11, 12, 13]]","[[-0.011019434988332643, 0.06328268927456328, 0.009804821830768824], [0.0, 0.0, 0.0], [0.0, 0.0, 0.0], [0.0, 0.0, 0.0], [-0.013092260549074577, 0.04103349408496825, 0.04868095414548422], [0.0, 0.0, 0.0], [-0.01574741452039297, 0.029159877605447505, -0.055917084982363], [-0.022962882952510554, 0.03194440504636151, -0.05174225490915419], [-0.029301087306918622, 0.03583287194026214, -0.04563388600024187], [0.0, 0.0, 0.0], [-0.03446983594409009, 0.04499920866380126, -0.03181040102738365], [-0.03302756885272611, 0.04952710457804945, -0.026100681942140044], [-0.029684777717065482, 0.053674313024113254, -0.021514694740629038], [-0.024898596119014623, 0.05730819476206411, -0.017911748164242132]]","[[[-0.011019434988332643, 0.06328268927456328, 0.009804821830768824], [0.0, 0.0, 0.0], [0.0, 0.0, 0.0], [0.0, 0.0, 0.0], [-0.013092260549074577, 0.04103349408496825, 0.04868095414548422], [0.0, 0.0, 0.0], [-0.01574741452039297, 0.029159877605447505, -0.055917084982363], [-0.022962882952510554, 0.03194440504636151, -0.05174225490915419], [-0.0, 0.0, -0.0], [0.0, 0.0, 0.0], [-0.03446983590322164, 0.04499920875311232, -0.03181040105661892], [-0.0330275688247033, 0.04952710462635613, -0.026100681970263374], [-0.029684777703293874, 0.05367431303760691, -0.021514694762637135], [-0.02489859612827185, 0.05730819476129586, -0.017911748178869546]], [[-0.011019434988332643, 0.06328268927456328, 0.009804821830768824], [0.0, 0.0, 0.0], [0.0, 0.0, 0.0], [0.0, 0.0, 0.0], [-0.013092260549074577, 0.04103349408496825, 0.04868095414548422], [0.0, 0.0, 0.0], [-0.01574741452039297, 0.029159877605447505, -0.055917084982363], [-0.022962882952510554, 0.03194440504636151, -0.05174225490915419], [-0.0, 0.0, -0.0], [0.0, 0.0, 0.0], [-0.03446983590322164, 0.04499920875311232, -0.03181040105661892], [-0.0330275688247033, 0.04952710462635613, -0.026100681970263374], [-0.029684777703293874, 0.05367431303760691, -0.021514694762637135], [-0.02489859612827185, 0.05730819476129586, -0.017911748178869546]], [[-0.011019434988332643, 0.06328268927456328, 0.009804821830768824], [0.0, 0.0, 0.0], [0.0, 0.0, 0.0], [0.0, 0.0, 0.0], [-0.013092260549074577, 0.04103349408496825, 0.04868095414548422], [0.0, 0.0, 0.0], [-0.01574741452039297, 0.029159877605447505, -0.055917084982363], [-0.0, 0.0, -0.0], [-0.0, 0.0, -0.0], [0.0, 0.0, 0.0], [-0.03446983590291107, 0.044999208753689915, -0.03181040105696695], [-0.03302756882434077, 0.049527104626847174, -0.02610068197082942], [-0.02968477770288952, 0.05367431303798052, -0.021514694763324342], [-0.02489859612730593, 0.057308194761310174, -0.01791174817961411]]]"
23,all_windows_continuous,11111111111111,11111111111111,30.957799355513743,13.080260349527446,17.85120157016171,4.770941220634263,1.0,0.0,31,0,31,31,155.85866179998266,branch_recovery,False,1.6382647336955458,2.2746438889668896,2.2746438889668896,23.78622484628824,31,155.85866179998266,0.19127826041355336,0.17068119999414577,0.18022378746445322,"[19, 17, 3]","[0.6768629620180535, 1.6675171546653966, 2.2746438889668896]","[4.891097599548368, 7.213031148902511, 12.534764020716871, 2.2746438889668896, 0.7689769136169124, 1.1299418432108697, 1.350637856335653, 1.468795997449326, 1.5422744469728598, 1.5901965344690197, 1.6217083556618708, 1.6420465475986397, 1.6543674773449806, 1.6605207870754226, 11.371075111575125, 23.78622484628824, 11.663250916536024, 1.6675171546653966, 2.2667583594971803, 0.6768629620180535, 1.0724373476434588, 1.3457632996507476, 1.488346581874127, 1.5733789263602638, 1.6262933473872725, 1.6588800260853518, 1.677224410808255]","[[7, 8, 9, 10, 11, 12, 13], [5, 6, 7, 8, 9, 10, 11, 12, 13], [4, 5, 6, 7, 8, 9, 10, 11, 12, 13]]","[[-0.0054085656739020285, 0.06341639626415142, 0.0022934011561586004], [-0.004683632304202199, 0.0645041750033881, -0.00549750540324843], [-0.0036153419914879237, 0.06204718819076333, -0.016900172249020053], [0.004432494894590877, 0.031856825939602575, -0.04843499401674035], [-0.013868163883572317, 0.061994552361489014, 0.013760432696575245], [-0.005130028355731616, 0.01676132224948782, -0.05901238280126053], [-0.00226066529124171, 0.018041672440111373, -0.06008072960829143], [-0.00015799784133547313, 0.01857716663143936, -0.06081572100151025], [0.001779187015752208, 0.018690185074801004, -0.06135962261312986], [0.003686607872180785, 0.018471517159469035, -0.06176537350854621], [0.005578112739839521, 0.017913059650176526, -0.06206897432726218], [0.007430200826613585, 0.017036462382594184, -0.06228458875593189], [0.009196376830830062, 0.015885520140421328, -0.06235444573607915], [0.010818226597542157, 0.01446210820515215, -0.06242064714395158]]","[[[-0.0054085656739020285, 0.06341639626415142, 0.0022934011561586004], [-0.004683632304202199, 0.0645041750033881, -0.00549750540324843], [-0.0036153419914879237, 0.06204718819076333, -0.016900172249020053], [0.004432494894590877, 0.031856825939602575, -0.04843499401674035], [-0.013868163883572317, 0.061994552361489014, 0.013760432696575245], [-0.0, 0.0, -0.0], [-0.0, 0.0, -0.0], [0.0017673076338635219, 0.019638630381008444, -0.061918570271648245], [0.0033156200617863525, 0.019039162491017038, -0.0620605909998167], [0.004815105106437131, 0.01832657606351771, -0.06214117447601217], [0.006311923648081637, 0.017514235805742854, -0.06215465617931194], [0.007831886472749868, 0.016626476724454158, -0.062116555895744587], [0.009359702574509021, 0.015579722030884981, -0.06220655724364967], [0.010848716344576424, 0.014271781406295909, -0.06240117717714605]], [[-0.0054085656739020285, 0.06341639626415142, 0.0022934011561586004], [-0.004683632304202199, 0.0645041750033881, -0.00549750540324843], [-0.0036153419914879237, 0.06204718819076333, -0.016900172249020053], [0.0, 0.0, -0.0], [-0.0, 0.0, 0.0], [-0.004402918824214773, 0.019072937677650337, -0.061982556854100826], [-0.001461748058079384, 0.019492137429690234, -0.06199128867056056], [0.0005968647415797558, 0.01943640975065763, -0.0620231386539314], [0.002438203356148958, 0.019148767715650834, -0.062067542720540436], [0.004222358621385421, 0.018638177438241033, -0.062127208447290264], [0.005974161111759358, 0.01788952050906763, -0.062203492305226656], [0.007682158507201276, 0.016964483044985212, -0.062275121482712865], [0.009330987716482187, 0.01578117249174272, -0.062360943410284635], [0.010861044423643253, 0.014356419037627058, -0.06245743307600551]], [[-0.0054085656739020285, 0.06341639626415142, 0.0022934011561586004], [-0.004683632304202199, 0.0645041750033881, -0.00549750540324843], [-0.0036153419914879237, 0.06204718819076333, -0.016900172249020053], [0.0, 0.0, -0.0], [-0.014316622980519644, 0.06080125714500191, 0.013801629283220668], [-0.004322001922531773, 0.018857929267132593, -0.06164253003522987], [-0.0014221345689621558, 0.019303502428183877, -0.06179119298813336], [0.0005899851731002501, 0.019285008996652652, -0.06191574028333337], [0.0023911513023892597, 0.0190264881087064, -0.06203020586972738], [0.0041503288496359935, 0.018562700811403387, -0.06213412388221889], [0.005897661262613644, 0.017874656229200283, -0.06221506454484619], [0.00761892803559564, 0.016962946629868362, -0.06223211720828262], [0.009274929729896731, 0.015819830131391585, -0.062359511328420394], [0.010819702355405608, 0.01441241242669429, -0.062451712618496684]]]"
37,random,10001010001111,10001010001111,8.142882515794035,4.312456844776722,4.388439569416408,0.0759827246396858,0.5,0.46153846153846156,120,0,120,120,2.206504899979336,branch_recovery,False,2.3393691602682156,2.5332776340050103,2.5332776340050103,34.04418395212797,13,11.105261099990457,0.09664912933859193,0.08266924749038124,0.08266924749038124,"[19, 6, 20]","[2.5332776340050103, 2.5332776340050103, 2.5332776340050103]","[1.0739615920904704, 2.3393691602682156, 2.3393691602682156, 2.3393691602682156, 34.04418395212797, 2.3393691602682156, 2.5332776340050103, 2.3393691602682156, 2.3393691602682156, 2.3393691602682156, 2.389862945275294, 2.3755617873500476, 2.353126538817176, 2.335518988898416, 1.0739615920904704, 2.3393691602682156, 2.3393691602682156, 34.04418395212797, 34.04418395212797, 2.5332776340050103, 2.5332776340050103, 2.3393691602682156, 2.3393691602682156, 2.389862945275294, 2.426724560610749, 2.3901753860027957, 2.349864005694725]","[[10, 11, 12, 13], [10, 11, 12, 13], [10, 11, 12, 13]]","[[-0.011020856559515704, 0.06321110383193936, 0.00984385485707481], [0.0, 0.0, 0.0], [0.0, 0.0, 0.0], [0.0, 0.0, 0.0], [-0.013387960673602973, 0.04082985647529305, 0.0487106127163195], [0.0, 0.0, 0.0], [-0.011594174774011555, 0.03014840303765908, -0.05405483111723562], [0.0, 0.0, 0.0], [0.0, 0.0, 0.0], [0.0, 0.0, 0.0], [-0.030566730967651178, 0.04479454047462064, -0.03583467736172334], [-0.030523805306509715, 0.04981092406890422, -0.028498581596496125], [-0.028581667769536145, 0.05413881684638892, -0.01565151910357474], [-0.0237440850363096, 0.05562291333693265, 0.023818268990432108]]","[[[-0.011020856559515704, 0.06321110383193936, 0.00984385485707481], [0.0, 0.0, 0.0], [0.0, 0.0, 0.0], [0.0, 0.0, 0.0], [-0.013387960673602973, 0.04082985647529305, 0.0487106127163195], [0.0, 0.0, 0.0], [-0.0, 0.0, -0.0], [0.0, 0.0, 0.0], [0.0, 0.0, 0.0], [0.0, 0.0, 0.0], [-0.030465766931221556, 0.044875923826382086, -0.035818828931460614], [-0.029274638178779552, 0.04991358814685097, -0.029272159275638036], [-0.02497250298862411, 0.05438701386918483, -0.01772461938022511], [-0.020082900516936484, 0.05811367193480095, 0.01648215803062446]], [[-0.011020856559515704, 0.06321110383193936, 0.00984385485707481], [0.0, 0.0, 0.0], [0.0, 0.0, 0.0], [0.0, 0.0, 0.0], [-0.013387960673602973, 0.04082985647529305, 0.0487106127163195], [0.0, 0.0, 0.0], [-0.0, 0.0, -0.0], [0.0, 0.0, 0.0], [0.0, 0.0, 0.0], [0.0, 0.0, 0.0], [-0.03046576693122155, 0.04487592382638205, -0.03581882893146066], [-0.02927463817877959, 0.04991358814685096, -0.029272159275638067], [-0.0249725029886241, 0.05438701386918483, -0.017724619380225088], [-0.020082900516936463, 0.058113671934800944, 0.016482158030624448]], [[-0.011020856559515704, 0.06321110383193936, 0.00984385485707481], [0.0, 0.0, 0.0], [0.0, 0.0, 0.0], [0.0, 0.0, 0.0], [-0.013387960673602973, 0.04082985647529305, 0.0487106127163195], [0.0, 0.0, 0.0], [-0.0, 0.0, -0.0], [0.0, 0.0, 0.0], [0.0, 0.0, 0.0], [0.0, 0.0, 0.0], [-0.030465766931221546, 0.04487592382638207, -0.035818828931460635], [-0.029274638178779556, 0.049913588146850964, -0.029272159275638032], [-0.02497250298862412, 0.05438701386918483, -0.017724619380225064], [-0.02008290051693646, 0.05811367193480095, 0.016482158030624496]]]"
37,cross_entropy,10001001011111,10001001011111,8.095720851574823,4.283924787455503,4.359842052174301,0.07591726471879756,0.5714285714285714,0.46153846153846156,120,0,120,120,2.1746083999751136,branch_recovery,False,2.6698152185098043,2.7450814250588422,2.7450814250588422,33.79648857392824,11,8.401859499979764,0.11142403752939518,0.09749546617646689,0.09749546621929424,"[21, 9, 22]","[2.7450814250588422, 2.734327392097917, 2.734327392097917]","[4.1121159554926985, 2.6698152185098043, 2.6698152185098043, 2.6698152185098043, 33.79648857392824, 2.6698152185098043, 2.6698152185098043, 2.7450814257644995, 2.6698152185098043, 2.734327392097917, 2.730101756599597, 2.7143317040178063, 2.6880648222439874, 2.6636871317561734, 4.1121159554926985, 2.6698152185098043, 2.6698152185098043, 33.79648857392824, 33.79648857392824, 2.6698152185098043, 2.7450814257644995, 2.7450814250588422, 2.734327392097917, 2.795029285081602, 2.7757079030638914, 2.733675445338185, 2.6826666887939536]","[[9, 10, 11, 12, 13], [10, 11, 12, 13], [10, 11, 12, 13]]","[[-0.011019457562942814, 0.06328266886536327, 0.009804853012567507], [0.0, 0.0, 0.0], [0.0, 0.0, 0.0], [0.0, 0.0, 0.0], [-0.013092260548445199, 0.041033494107478294, 0.048680954055856575], [0.0, 0.0, 0.0], [0.0, 0.0, 0.0], [-0.02278454286751308, 0.0319713972586427, -0.051804385084657], [0.0, 0.0, 0.0], [-0.03261172383687019, 0.040441797851849544, -0.03906323637048792], [-0.03362278722813585, 0.04512717203156606, -0.032527626836454306], [-0.032269620501861856, 0.04960277596777384, -0.026893051131092572], [-0.029027776069772596, 0.053707217757359094, -0.02231418772315482], [-0.02433340303647155, 0.05730456139712316, -0.018683488368216764]]","[[[-0.011019457562942814, 0.06328266886536327, 0.009804853012567507], [0.0, 0.0, 0.0], [0.0, 0.0, 0.0], [0.0, 0.0, 0.0], [-0.013092260548445199, 0.041033494107478294, 0.048680954055856575], [0.0, 0.0, 0.0], [0.0, 0.0, 0.0], [-0.0, 0.0, -0.0], [0.0, 0.0, 0.0], [-0.032611723779529686, 0.04044179798485346, -0.03906323638839745], [-0.033622787185312655, 0.04512717211942655, -0.032527626866092375], [-0.03226962047252962, 0.04960277601487707, -0.026893051160245825], [-0.029027776055302296, 0.053707217770042275, -0.022314187746391618], [-0.024333403045159584, 0.05730456139633339, -0.01868348838395828]], [[-0.011019457562942814, 0.06328266886536327, 0.009804853012567507], [0.0, 0.0, 0.0], [0.0, 0.0, 0.0], [0.0, 0.0, 0.0], [-0.013092260548445199, 0.041033494107478294, 0.048680954055856575], [0.0, 0.0, 0.0], [0.0, 0.0, 0.0], [-0.02278454286751308, 0.0319713972586427, -0.051804385084657], [0.0, 0.0, 0.0], [-0.0, 0.0, -0.0], [-0.03362278718553965, 0.045127172119231854, -0.03252762686560249], [-0.03226962047267451, 0.04960277601483399, -0.026893051159821515], [-0.02902777605536471, 0.05370721777013641, -0.022314187746027957], [-0.024333403045084183, 0.057304561396345134, -0.01868348838365846]], [[-0.011019457562942814, 0.06328266886536327, 0.009804853012567507], [0.0, 0.0, 0.0], [0.0, 0.0, 0.0], [0.0, 0.0, 0.0], [-0.013092260548445199, 0.041033494107478294, 0.048680954055856575], [0.0, 0.0, 0.0], [0.0, 0.0, 0.0], [-0.02278454286751308, 0.0319713972586427, -0.051804385084657], [0.0, 0.0, 0.0], [-0.0, 0.0, -0.0], [-0.03362278718553965, 0.045127172119231854, -0.03252762686560249], [-0.03226962047267451, 0.04960277601483399, -0.026893051159821515], [-0.02902777605536471, 0.05370721777013641, -0.022314187746027957], [-0.024333403045084183, 0.057304561396345134, -0.01868348838365846]]]"
37,genetic,10001000011111,10001000011111,8.094682509879503,4.289838979057676,4.365676626425612,0.07583764736793608,0.5,0.3076923076923077,132,0,132,132,2.415597799990792,branch_recovery,False,2.802532061521272,2.865692744713689,2.865692744713689,34.94386064867784,12,11.360442400007742,0.09748871439106425,0.08820300021082146,0.09748871447289867,"[21, 9, 22]","[2.802532061343495, 2.865692744713689, 2.865692744713689]","[8.872942321497911, 2.802532061521272, 2.802532061521272, 2.802532061521272, 34.94386064867784, 2.802532061521272, 2.802532061521272, 2.802532061521272, 2.802532061521272, 2.865692744713689, 2.862582413401258, 2.847629443971586, 2.821310028978915, 2.7964283791026467, 8.872942321497911, 2.802532061521272, 2.802532061521272, 34.94386064867784, 34.94386064867784, 2.802532061521272, 2.802532061521272, 2.802532061343495, 2.865692744713689, 2.926094196564724, 2.9087773584262187, 2.867522518771255, 2.815922338857728]","[[9, 10, 11, 12, 13], [10, 11, 12, 13], [10, 11, 12, 13]]","[[-0.011016063903232273, 0.06324758472147679, 0.00982667449537086], [0.0, 0.0, 0.0], [0.0, 0.0, 0.0], [0.0, 0.0, 0.0], [-0.013092260770939453, 0.04103335155923976, 0.04868099084093478], [0.0, 0.0, 0.0], [0.0, 0.0, 0.0], [0.0, 0.0, 0.0], [0.0, 0.0, 0.0], [-0.03221630798184361, 0.04053603258275808, -0.03929299590696779], [-0.03310309307909, 0.04524070788135953, -0.03290081379994594], [-0.03169875566722667, 0.04971457155239765, -0.027361473701619784], [-0.028444460170301132, 0.05380168367206706, -0.022831809073679307], [-0.023755521957867575, 0.057370065553396646, -0.019218499994215]]","[[[-0.011016063903232273, 0.06324758472147679, 0.00982667449537086], [0.0, 0.0, 0.0], [0.0, 0.0, 0.0], [0.0, 0.0, 0.0], [-0.013092260770939453, 0.04103335155923976, 0.04868099084093478], [0.0, 0.0, 0.0], [0.0, 0.0, 0.0], [0.0, 0.0, 0.0], [0.0, 0.0, 0.0], [-0.03221630804324464, 0.040536032683322704, -0.03929299594709422], [-0.03310309315281642, 0.04524070794928207, -0.03290081383287129], [-0.03169875573025056, 0.04971457158851244, -0.027361473734062024], [-0.028444460235139565, 0.05380168367796318, -0.022831809114316245], [-0.023755522045357334, 0.057370065548721726, -0.01921850004701456]], [[-0.011016063903232273, 0.06324758472147679, 0.00982667449537086], [0.0, 0.0, 0.0], [0.0, 0.0, 0.0], [0.0, 0.0, 0.0], [-0.013092260770939453, 0.04103335155923976, 0.04868099084093478], [0.0, 0.0, 0.0], [0.0, 0.0, 0.0], [0.0, 0.0, 0.0], [0.0, 0.0, 0.0], [-0.0, 0.0, -0.0], [-0.03310309316372232, 0.04524070794745829, -0.03290081383655543], [-0.03169875573532202, 0.04971457158798853, -0.027361473738650766], [-0.028444460236622966, 0.053801683678066314, -0.02283180911853357], [-0.023755522044020042, 0.05737006554868238, -0.019218500049843913]], [[-0.011016063903232273, 0.06324758472147679, 0.00982667449537086], [0.0, 0.0, 0.0], [0.0, 0.0, 0.0], [0.0, 0.0, 0.0], [-0.013092260770939453, 0.04103335155923976, 0.04868099084093478], [0.0, 0.0, 0.0], [0.0, 0.0, 0.0], [0.0, 0.0, 0.0], [0.0, 0.0, 0.0], [-0.0, 0.0, -0.0], [-0.03310309316372232, 0.04524070794745829, -0.03290081383655543], [-0.03169875573532202, 0.04971457158798853, -0.027361473738650766], [-0.028444460236622966, 0.053801683678066314, -0.02283180911853357], [-0.023755522044020042, 0.05737006554868238, -0.019218500049843913]]]"
37,true_sa,10001001111111,10001001111111,8.069940496800768,4.270204497818223,4.346151577890217,0.07594708007199458,0.6428571428571429,0.3076923076923077,120,0,120,120,2.2389517000119668,branch_recovery,False,2.3540157440419165,2.4854962099527143,2.4854962099527143,34.20251992707172,11,8.629685899999458,0.12535261870771303,0.10213833310309701,0.11142404733368678,"[21, 9, 22]","[2.4854962099527143, 2.4110934511442257, 2.4687406564104992]","[0.3368865221698494, 2.3540157440419165, 2.3540157440419165, 2.3540157440419165, 34.20251992707172, 2.3540157440419165, 2.3540157440419165, 2.427685503944305, 2.4122278685527676, 2.4110934511442257, 2.405776230297819, 2.3905591560427166, 2.366967375207048, 2.3452342250430194, 0.3368865221698494, 2.3540157440419165, 2.3540157440419165, 34.20251992707172, 34.20251992707172, 2.3540157440419165, 2.427685503944305, 2.4854962099527143, 2.4687406564104992, 2.463102181310539, 2.443202951134279, 2.404486662191174, 2.358927634951103]","[[9, 10, 11, 12, 13], [10, 11, 12, 13], [10, 11, 12, 13]]","[[-0.01101936655627624, 0.06328275077405761, 0.009804728647798133], [0.0, 0.0, 0.0], [0.0, 0.0, 0.0], [0.0, 0.0, 0.0], [-0.013092260548024379, 0.0410334940375536, 0.04868095433567455], [0.0, 0.0, 0.0], [0.0, 0.0, 0.0], [-0.022784542865844217, 0.031971397258742686, -0.051804385084878016], [-0.02884772608378052, 0.03589059583266183, -0.04587672394594448], [-0.03275429036832189, 0.04039341265629897, -0.03899395667557078], [-0.033971341318841546, 0.04500845031376723, -0.03232935745408419], [-0.032743514095869126, 0.0494560513585192, -0.02658874308343194], [-0.029573762051274908, 0.0535630800387014, -0.021940580015088394], [-0.02491984838333076, 0.05718524949440706, -0.01827151867415889]]","[[[-0.01101936655627624, 0.06328275077405761, 0.009804728647798133], [0.0, 0.0, 0.0], [0.0, 0.0, 0.0], [0.0, 0.0, 0.0], [-0.013092260548024379, 0.0410334940375536, 0.04868095433567455], [0.0, 0.0, 0.0], [0.0, 0.0, 0.0], [-0.0, 0.0, -0.0], [-0.0, 0.0, -0.0], [-0.03275429031126235, 0.04039341279026365, -0.03899395669321455], [-0.033971341276502504, 0.04500845040288518, -0.03232935748386758], [-0.032743514066910714, 0.049456051406839015, -0.026588743112769462], [-0.029573762036864473, 0.05356308005226011, -0.021940580038485005], [-0.024919848391401246, 0.057185249493623594, -0.018271518690093993]], [[-0.01101936655627624, 0.06328275077405761, 0.009804728647798133], [0.0, 0.0, 0.0], [0.0, 0.0, 0.0], [0.0, 0.0, 0.0], [-0.013092260548024379, 0.0410334940375536, 0.04868095433567455], [0.0, 0.0, 0.0], [0.0, 0.0, 0.0], [-0.022784542865844217, 0.031971397258742686, -0.051804385084878016], [-0.02884772608378052, 0.03589059583266183, -0.04587672394594448], [-0.0, 0.0, -0.0], [-0.03397134127694841, 0.045008450402158416, -0.032329357483293034], [-0.032743514067373386, 0.049456051406270934, -0.026588743111997264], [-0.029573762037332127, 0.053563080051888694, -0.021940580037602898], [-0.024919848392407833, 0.05718524949361302, -0.018271518689175356]], [[-0.01101936655627624, 0.06328275077405761, 0.009804728647798133], [0.0, 0.0, 0.0], [0.0, 0.0, 0.0], [0.0, 0.0, 0.0], [-0.013092260548024379, 0.0410334940375536, 0.04868095433567455], [0.0, 0.0, 0.0], [0.0, 0.0, 0.0], [-0.022784542865844217, 0.031971397258742686, -0.051804385084878016], [-0.0, 0.0, -0.0], [-0.0, 0.0, -0.0], [-0.033971341276726755, 0.045008450402685314, -0.03232935748337479], [-0.032743514067052115, 0.04945605140679207, -0.02658874311234509], [-0.029573762036923957, 0.05356308005235243, -0.021940580038123273], [-0.024919848391320016, 0.05718524949363558, -0.018271518689797164]]]"
37,surrogate_qubo_sa,10001010011011,10001010011011,8.1722110512969,4.324932592196458,4.400982857280794,0.07605026508433621,0.5,0.6153846153846154,48,72,120,120,0.8641642000002321,branch_recovery,False,2.2630625979620023,2.469000031736158,2.469000031736158,34.124869607705065,13,14.50237269999343,0.0963530929163202,0.08210187307799598,0.08210187308566669,"[19, 6, 20]","[2.4690000316472465, 2.469000031736158, 2.4690000315872873]","[8.828985040146986, 2.2630625979620023, 2.2630625979620023, 2.2630625979620023, 34.124869607705065, 2.2630625979620023, 2.469000031736158, 2.2630625979620023, 2.2630625979620023, 2.3081567058672707, 2.313699774805993, 2.2630625979620023, 2.2793543777339393, 2.2604289348848665, 8.828985040146986, 2.2630625979620023, 2.2630625979620023, 34.124869607705065, 34.124869607705065, 2.4690000316472465, 2.4690000315872873, 2.2630625979620023, 2.3081567058672707, 2.358567132817033, 2.313699774805993, 2.2793543777339393, 2.2773445194323383]","[[9, 10, 12, 13], [9, 10, 12, 13], [9, 10, 12, 13]]","[[-0.011021705377230295, 0.06316451126411592, 0.009869329406773063], [0.0, 0.0, 0.0], [0.0, 0.0, 0.0], [0.0, 0.0, 0.0], [-0.013734394836999397, 0.04069916798748242, 0.048730009651649905], [0.0, 0.0, 0.0], [-0.007875552069020615, 0.031006006257613176, -0.054886225529693716], [0.0, 0.0, 0.0], [0.0, 0.0, 0.0], [-0.02102354424823322, 0.032694341798725234, -0.05209693466597347], [-0.0293195841266581, 0.04488646587598703, -0.03675006350747805], [0.0, 0.0, 0.0], [-0.027317683450868165, 0.05393456069761128, 0.010039481091057064], [-0.022284448867042343, 0.0527564634192682, 0.030743436798503693]]","[[[-0.011021705377230295, 0.06316451126411592, 0.009869329406773063], [0.0, 0.0, 0.0], [0.0, 0.0, 0.0], [0.0, 0.0, 0.0], [-0.013734394836999397, 0.04069916798748242, 0.048730009651649905], [0.0, 0.0, 0.0], [-0.0, 0.0, -0.0], [0.0, 0.0, 0.0], [0.0, 0.0, 0.0], [-0.028082603998158488, 0.03986883857321899, -0.04297491202440346], [-0.02918762503423028, 0.04475573145967458, -0.03701360623298773], [0.0, 0.0, 0.0], [-0.017909324355669165, 0.05409600964274703, 0.012362306447981648], [-0.014276378355663527, 0.053685675875052775, 0.03374956632143174]], [[-0.011021705377230295, 0.06316451126411592, 0.009869329406773063], [0.0, 0.0, 0.0], [0.0, 0.0, 0.0], [0.0, 0.0, 0.0], [-0.013734394836999397, 0.04069916798748242, 0.048730009651649905], [0.0, 0.0, 0.0], [-0.0, 0.0, -0.0], [0.0, 0.0, 0.0], [0.0, 0.0, 0.0], [-0.028082604060662524, 0.0398688385767314, -0.042974911980300734], [-0.02918762500712461, 0.04475573143608405, -0.03701360628288726], [0.0, 0.0, 0.0], [-0.017909324353376714, 0.05409600964322173, 0.01236230669148046], [-0.014276378399798029, 0.05368567588807373, 0.033749566282049906]], [[-0.011021705377230295, 0.06316451126411592, 0.009869329406773063], [0.0, 0.0, 0.0], [0.0, 0.0, 0.0], [0.0, 0.0, 0.0], [-0.013734394836999397, 0.04069916798748242, 0.048730009651649905], [0.0, 0.0, 0.0], [-0.0, 0.0, -0.0], [0.0, 0.0, 0.0], [0.0, 0.0, 0.0], [-0.02808260402448948, 0.03986883860344121, -0.042974911979159224], [-0.029187624982632058, 0.044755731416391144, -0.037013606326013304], [0.0, 0.0, 0.0], [-0.01790932428893789, 0.05409600966627691, 0.012362306816081057], [-0.014276378406824696, 0.05368567589759677, 0.03374956626392918]]]"
37,qaoa_statevector,10001010001100,10001010001100,8.261785688508086,4.388439569416408,4.454912851543438,0.06647328212702952,0.35714285714285715,0.5384615384615384,48,72,120,120,0.9613118999986909,branch_recovery,False,4.11951848825281,4.122561592991337,4.122561592991337,5.592896368462691,4,9.402570700010983,0.06268313446311645,0.06265637483057195,0.06265637483057195,"[3, 15, 16]","[4.122561592991337, 4.122561592991337, 4.122561592991337]","[4.088139510346036, 4.11951848825281, 4.11951848825281, 4.122561592991337, 5.592896368462691, 4.11951848825281, 4.088880239765106, 4.11951848825281, 4.11951848825281, 4.11951848825281, 4.132501516431254, 4.1272140273334745, 4.11951848825281, 4.11951848825281, 4.088139510346036, 4.122561592991337, 4.122561592991337, 5.592896368462691, 5.592896368462691, 4.088880239765106, 4.088880239765106, 4.11951848825281, 4.11951848825281, 4.132501516431254, 4.139889537549837, 4.1272140273334745, 4.11951848825281]","[[4, 6, 10, 11], [4, 6, 10, 11], [4, 6, 10, 11]]","[[-0.01103471654995893, 0.0632215709989215, 0.009805191941062377], [0.0, 0.0, 0.0], [0.0, 0.0, 0.0], [0.0, 0.0, 0.0], [-0.016542821801030633, 0.04048587417596304, 0.048085642754022065], [0.0, 0.0, 0.0], [-0.010934056184056065, 0.024606618928611105, -0.05701873431901321], [0.0, 0.0, 0.0], [0.0, 0.0, 0.0], [0.0, 0.0, 0.0], [-0.03932970014816855, 0.028252089862752853, -0.004353898284625668], [-0.0415708891038095, 0.024732838407652658, 0.01591129181848324], [0.0, 0.0, 0.0], [0.0, 0.0, 0.0]]","[[[-0.01103471654995893, 0.0632215709989215, 0.009805191941062377], [0.0, 0.0, 0.0], [0.0, 0.0, 0.0], [0.0, 0.0, 0.0], [-0.016542670706180467, 0.04048623088089972, 0.048085394403762166], [0.0, 0.0, 0.0], [-0.010968980387293877, 0.024646012849036343, -0.057010473011876436], [0.0, 0.0, 0.0], [0.0, 0.0, 0.0], [0.0, 0.0, 0.0], [-0.039306809972584414, 0.02825679087431202, -0.004659262966186263], [-0.04153187667095315, 0.024726897067986836, 0.015534183910830116], [0.0, 0.0, 0.0], [0.0, 0.0, 0.0]], [[-0.01103471654995893, 0.0632215709989215, 0.009805191941062377], [0.0, 0.0, 0.0], [0.0, 0.0, 0.0], [0.0, 0.0, 0.0], [-0.01654267070618047, 0.04048623088089971, 0.04808539440376216], [0.0, 0.0, 0.0], [-0.010968980387293858, 0.024646012849036333, -0.057010473011876436], [0.0, 0.0, 0.0], [0.0, 0.0, 0.0], [0.0, 0.0, 0.0], [-0.03930680997258439, 0.02825679087431204, -0.004659262966186298], [-0.04153187667095315, 0.02472689706798694, 0.015534183910830193], [0.0, 0.0, 0.0], [0.0, 0.0, 0.0]], [[-0.01103471654995893, 0.0632215709989215, 0.009805191941062377], [0.0, 0.0, 0.0], [0.0, 0.0, 0.0], [0.0, 0.0, 0.0], [-0.016542670706180474, 0.040486230880899726, 0.048085394403762145], [0.0, 0.0, 0.0], [-0.010968980387293875, 0.024646012849036336, -0.057010473011876436], [0.0, 0.0, 0.0], [0.0, 0.0, 0.0], [0.0, 0.0, 0.0], [-0.03930680997258442, 0.02825679087431204, -0.0046592629661863115], [-0.04153187667095314, 0.024726897067986916, 0.015534183910830206], [0.0, 0.0, 0.0], [0.0, 0.0, 0.0]]]"
37,all_windows_continuous,11111111111111,11111111111111,30.957799355513743,13.080260349527446,17.85120157016171,4.770941220634263,1.0,0.0,31,0,31,31,156.47418059999472,branch_recovery,False,1.6382647336955458,2.2746438889668896,2.2746438889668896,23.78622484628824,31,156.47418059999472,0.19127826041355336,0.17068119999414577,0.18022378746445322,"[19, 17, 3]","[0.6768629620180535, 1.6675171546653966, 2.2746438889668896]","[4.891097599548368, 7.213031148902511, 12.534764020716871, 2.2746438889668896, 0.7689769136169124, 1.1299418432108697, 1.350637856335653, 1.468795997449326, 1.5422744469728598, 1.5901965344690197, 1.6217083556618708, 1.6420465475986397, 1.6543674773449806, 1.6605207870754226, 11.371075111575125, 23.78622484628824, 11.663250916536024, 1.6675171546653966, 2.2667583594971803, 0.6768629620180535, 1.0724373476434588, 1.3457632996507476, 1.488346581874127, 1.5733789263602638, 1.6262933473872725, 1.6588800260853518, 1.677224410808255]","[[7, 8, 9, 10, 11, 12, 13], [5, 6, 7, 8, 9, 10, 11, 12, 13], [4, 5, 6, 7, 8, 9, 10, 11, 12, 13]]","[[-0.0054085656739020285, 0.06341639626415142, 0.0022934011561586004], [-0.004683632304202199, 0.0645041750033881, -0.00549750540324843], [-0.0036153419914879237, 0.06204718819076333, -0.016900172249020053], [0.004432494894590877, 0.031856825939602575, -0.04843499401674035], [-0.013868163883572317, 0.061994552361489014, 0.013760432696575245], [-0.005130028355731616, 0.01676132224948782, -0.05901238280126053], [-0.00226066529124171, 0.018041672440111373, -0.06008072960829143], [-0.00015799784133547313, 0.01857716663143936, -0.06081572100151025], [0.001779187015752208, 0.018690185074801004, -0.06135962261312986], [0.003686607872180785, 0.018471517159469035, -0.06176537350854621], [0.005578112739839521, 0.017913059650176526, -0.06206897432726218], [0.007430200826613585, 0.017036462382594184, -0.06228458875593189], [0.009196376830830062, 0.015885520140421328, -0.06235444573607915], [0.010818226597542157, 0.01446210820515215, -0.06242064714395158]]","[[[-0.0054085656739020285, 0.06341639626415142, 0.0022934011561586004], [-0.004683632304202199, 0.0645041750033881, -0.00549750540324843], [-0.0036153419914879237, 0.06204718819076333, -0.016900172249020053], [0.004432494894590877, 0.031856825939602575, -0.04843499401674035], [-0.013868163883572317, 0.061994552361489014, 0.013760432696575245], [-0.0, 0.0, -0.0], [-0.0, 0.0, -0.0], [0.0017673076338635219, 0.019638630381008444, -0.061918570271648245], [0.0033156200617863525, 0.019039162491017038, -0.0620605909998167], [0.004815105106437131, 0.01832657606351771, -0.06214117447601217], [0.006311923648081637, 0.017514235805742854, -0.06215465617931194], [0.007831886472749868, 0.016626476724454158, -0.062116555895744587], [0.009359702574509021, 0.015579722030884981, -0.06220655724364967], [0.010848716344576424, 0.014271781406295909, -0.06240117717714605]], [[-0.0054085656739020285, 0.06341639626415142, 0.0022934011561586004], [-0.004683632304202199, 0.0645041750033881, -0.00549750540324843], [-0.0036153419914879237, 0.06204718819076333, -0.016900172249020053], [0.0, 0.0, -0.0], [-0.0, 0.0, 0.0], [-0.004402918824214773, 0.019072937677650337, -0.061982556854100826], [-0.001461748058079384, 0.019492137429690234, -0.06199128867056056], [0.0005968647415797558, 0.01943640975065763, -0.0620231386539314], [0.002438203356148958, 0.019148767715650834, -0.062067542720540436], [0.004222358621385421, 0.018638177438241033, -0.062127208447290264], [0.005974161111759358, 0.01788952050906763, -0.062203492305226656], [0.007682158507201276, 0.016964483044985212, -0.062275121482712865], [0.009330987716482187, 0.01578117249174272, -0.062360943410284635], [0.010861044423643253, 0.014356419037627058, -0.06245743307600551]], [[-0.0054085656739020285, 0.06341639626415142, 0.0022934011561586004], [-0.004683632304202199, 0.0645041750033881, -0.00549750540324843], [-0.0036153419914879237, 0.06204718819076333, -0.016900172249020053], [0.0, 0.0, -0.0], [-0.014316622980519644, 0.06080125714500191, 0.013801629283220668], [-0.004322001922531773, 0.018857929267132593, -0.06164253003522987], [-0.0014221345689621558, 0.019303502428183877, -0.06179119298813336], [0.0005899851731002501, 0.019285008996652652, -0.06191574028333337], [0.0023911513023892597, 0.0190264881087064, -0.06203020586972738], [0.0041503288496359935, 0.018562700811403387, -0.06213412388221889], [0.005897661262613644, 0.017874656229200283, -0.06221506454484619], [0.00761892803559564, 0.016962946629868362, -0.06223211720828262], [0.009274929729896731, 0.015819830131391585, -0.062359511328420394], [0.010819702355405608, 0.01441241242669429, -0.062451712618496684]]]"
